id,theme,keywords,category,last_used_at,use_count,active,created_at
c9afff20-883f-4815-8fe7-1202dced27eb,Renda extra: como divulgar produtos nas redes sociais,"{""renda extra"",""redes sociais"",divulgação,Instagram}",afiliados,,0,f,2025-12-11 06:26:45.530958+00
ea79d08b-af91-4942-b098-2fcd18c1e523,Os erros mais comuns de pequenos comerciantes no marketing,"{""erros de marketing"",""pequenos comerciantes"",dicas,evitar}",empresas,,0,f,2025-12-11 06:26:45.530958+00
73235cc7-f6c4-4220-bf3c-6446174ed623,Como escolher as melhores ofertas para divulgar,"{""escolher ofertas"",divulgador,comissão,nicho}",afiliados,,0,f,2025-12-11 06:26:45.530958+00
59f1b0e5-83c4-4d85-9617-226cf6c2cd37,A importância do atendimento ao cliente no comércio local,"{atendimento,cliente,experiência,satisfação}",empresas,,0,f,2025-12-11 06:26:45.530958+00
885af8c1-174f-4862-a883-124cd5032439,Como aumentar as vendas do seu comércio local,"{""marketing local"",vendas,""comércio local"",""atrair clientes""}",empresas,2025-12-11 06:38:10.27+00,1,f,2025-12-11 06:26:45.530958+00
568998d5-e017-42ad-bbba-852e4f0e48c6,Guia completo para ganhar dinheiro como afiliado,"{afiliado,""renda extra"",""ganhar dinheiro online"",divulgador}",afiliados,2025-12-11 06:40:42.7+00,1,f,2025-12-11 06:26:45.530958+00
9f42a80c-99f1-4860-b97d-762f60a5e9a9,Melhores estratégias de cupons de desconto para fidelizar clientes,"{""cupom de desconto"",fidelização,promoções,ofertas}",empresas,2025-12-11 06:49:41.717+00,1,f,2025-12-11 06:26:45.530958+00
4224b0ad-c1d7-480b-a32d-9ee43fcaf25f,Como começar a trabalhar com marketing de afiliados do zero,"{""marketing de afiliados"",iniciante,""renda extra"",""trabalho online""}",afiliados,2025-12-11 06:58:28.321+00,1,f,2025-12-11 06:26:45.530958+00
fb5281b1-c264-4236-ae9f-e84ccc14f9e3,Ofertas locais: como encontrar os melhores descontos na sua cidade,"{""ofertas locais"",descontos,""promoções perto de mim"",economia}",clientes,2025-12-11 06:59:12.167+00,1,f,2025-12-11 06:26:45.530958+00
b4a38fe2-e9c3-4190-8f5e-247d0676fdc2,Como criar promoções irresistíveis para seu negócio,"{promoções,ofertas,""estratégia de vendas"",conversão}",empresas,2025-12-11 12:01:15.358+00,1,f,2025-12-11 06:26:45.530958+00
76ba9a53-1143-4bd6-bbe8-6842296e4dda,Dicas para pequenas empresas dominarem o marketing digital local,"{""marketing digital"",""pequenas empresas"",""negócio local"",""presença online""}",empresas,2025-12-11 07:08:24.675+00,1,f,2025-12-11 06:26:45.530958+00
9c5ccab6-e87b-4071-8a5d-2ca1b85abffd,Por que o marketing boca a boca ainda é o mais eficiente,"{""marketing boca a boca"",indicação,""divulgação orgânica"",confiança}",geral,2025-12-11 09:00:48.505+00,1,f,2025-12-11 06:26:45.530958+00
15935315-57bd-4c1f-9c7d-e264734c9f23,O guia definitivo para divulgadores iniciantes,"{divulgador,""afiliado iniciante"",""primeiros passos"",dicas}",afiliados,2025-12-11 14:11:00.307+00,1,f,2025-12-11 06:26:45.530958+00
49b88335-bd1c-4e83-bcea-839747415af6,Tendências de consumo local para 2025,"{tendências,""consumo local"",""comportamento do consumidor"",2025}",geral,2025-12-11 15:01:21.448+00,1,f,2025-12-11 06:26:45.530958+00
180a6cad-8729-4106-b254-2a970b7ff6f1,Como fidelizar clientes com programa de recompensas,"{fidelização,recompensas,""programa de pontos"",""clientes fiéis""}",empresas,2025-12-11 18:01:44.447+00,1,f,2025-12-11 06:26:45.530958+00
7c17fc47-fb7e-4da3-83f5-adf9425ff0bd,IA para criadores de conteúdo: ferramentas essenciais para dominar 2026,"{""IA criadores conteúdo"",""ferramentas IA influenciadores"",""automação conteúdo"",""produtividade criadores"",""tecnologia influencers""}",afiliados,2025-12-23 22:01:29.458+00,3,t,2025-12-11 18:27:38.110301+00
b6ef8c8d-c33d-4aff-a94e-1412fe3b0a1c,Micro-influenciadores em 2026: por que marcas locais vão investir ainda mais,"{micro-influenciadores,""influenciadores locais"",""marketing influência"",""parcerias marcas locais"",""nano influenciadores""}",afiliados,2025-12-24 09:01:12.562+00,3,t,2025-12-11 18:27:38.110301+00
f84170fc-983d-44ec-85f1-74673eb71c53,Além do Instagram: plataformas emergentes para criadores em 2026,"{""novas redes sociais"",""plataformas criadores 2026"",""alternativas Instagram"",""redes sociais emergentes"",""diversificar presença digital""}",afiliados,2025-12-24 12:01:18.468+00,3,t,2025-12-11 18:27:38.110301+00
d2ee8784-b86e-49cd-aa4b-d79e1be1510f,O impacto da IA no comércio local brasileiro: lições de 2025 e previsões para 2026,"{""IA comércio local"",""inteligência artificial varejo"",""transformação digital PME"",""automação negócios locais"",""futuro comércio""}",tendencias,2025-12-24 15:01:21.497+00,3,t,2025-12-11 18:27:38.110301+00
d85a1289-78d5-469e-8730-80d054cac8bc,Consumidor 6.0: mudanças de comportamento que vão definir 2026,"{""comportamento consumidor 2026"",""tendências consumo"",""novo consumidor digital"",""hábitos compra"",""perfil consumidor moderno""}",tendencias,2025-12-24 18:01:14.163+00,3,t,2025-12-11 18:27:38.110301+00
e17180a0-0c9c-4543-917e-35daa052fee9,Sustentabilidade no comércio local: como se destacar em 2026,"{""sustentabilidade negócios"",""comércio sustentável"",""ESG pequenas empresas"",""consumo consciente"",""negócios verdes""}",tendencias,2025-12-25 09:01:28.352+00,3,t,2025-12-11 18:27:38.110301+00
74764583-83f2-4f67-b68f-b37fc91213d4,Hiperlocalização 2.0: marketing de proximidade inteligente para 2026,"{hiperlocalização,""marketing proximidade"",""geolocalização marketing"",""negócios bairro"",""publicidade local""}",tendencias,2025-12-25 15:01:32.317+00,3,t,2025-12-11 18:27:38.110301+00
ab80b97e-5e56-4df8-9d3c-44b916c9703d,Privacidade de dados em 2026: como o comércio local deve se preparar,"{""privacidade dados"",""LGPD pequenas empresas"",""proteção dados clientes"",""marketing sem cookies"",""first-party data""}",tendencias,2025-12-25 18:01:18.052+00,3,t,2025-12-11 18:27:38.110301+00
77f8f7b5-db13-4dbe-a180-f2a108b6c61a,Além do Pix: As Novas Soluções de Pagamento e Sua Influência no Consumo em 2026,"{""Novas formas de pagamento Brasil"",""tendências de consumo 2026"",""Tecnologia financeira e varejo"",""Pix e evolução dos pagamentos"",""Comportamento do consumidor digital""}",tendencias,2026-01-01 22:01:23.95+00,3,t,2025-12-19 12:00:13.759386+00
c8837af7-5ff8-491e-a3ae-fb1f03e99280,Retrospectiva 2025: o que funcionou no marketing local e o que manter em 2026,"{""marketing local 2025"",""retrospectiva marketing"",""estratégias 2026"",""pequenos negócios"",""tendências marketing""}",empresas,2025-12-18 09:01:24.258+00,3,t,2025-12-11 18:27:38.110301+00
ed528fb0-0c0b-44c4-bb17-f06a3a2c02c7,IA generativa em 2026: ferramentas que vão revolucionar ofertas e promoções locais,"{""IA generativa"",""inteligência artificial negócios"",""promoções com IA"",""ferramentas IA 2026"",""automação marketing""}",empresas,2025-12-18 12:01:18.517+00,3,t,2025-12-11 18:27:38.110301+00
76af0024-95ae-49cd-bae8-afd705bdd7c2,Pix parcelado e Pix crédito: como usar no marketing do seu negócio em 2026,"{""Pix parcelado"",""Pix crédito"",""pagamentos digitais"",""marketing Pix"",""vendas parceladas""}",empresas,2025-12-18 15:01:38.216+00,3,t,2025-12-11 18:27:38.110301+00
cf7c09e3-cca6-4e99-ac12-9e48d43e647a,TikTok Shop no Brasil: como preparar seu negócio local para vender em 2026,"{""TikTok Shop Brasil"",""vender no TikTok"",""social commerce"",""loja TikTok"",""vendas redes sociais""}",empresas,2025-12-18 18:01:24.793+00,3,t,2025-12-11 18:27:38.110301+00
a4d8a773-0d7b-47d2-926e-f2b50504964b,Google Meu Negócio com IA: como dominar buscas locais em 2026,"{""Google Meu Negócio"",""SEO local 2026"",""buscas locais IA"",""perfil comercial Google"",""visibilidade local""}",empresas,2025-12-18 22:01:31.202+00,3,t,2025-12-11 18:27:38.110301+00
cea927a7-982c-46eb-81f2-7aa6f6580576,Balanço 2025: quanto afiliados locais ganharam e o que esperar em 2026,"{""ganhos afiliados 2025"",""marketing afiliados"",""renda extra 2026"",""programa afiliados"",""monetização digital""}",afiliados,2025-12-19 09:01:23.952+00,3,t,2025-12-11 18:27:38.110301+00
8e34cf9e-1a03-4031-b0d1-7444e53e882b,Marketing Geotargeting Inteligente: Estratégias para Pequenos Negócios em 2026,"{""Marketing geotargeting"",""Pequenos negócios marketing local"",""Estratégias de marketing 2026"",""Publicidade local digital"",""Engajamento comunitário negócios""}",empresas,2026-01-02 09:01:23.635+00,3,t,2025-12-19 12:00:13.759386+00
c516cef1-b600-4442-bf4e-4dffc26dad76,Monetização Criativa: Explorando Novas Plataformas e Formatos para Afiliados em 2026,"{""Monetização criadores de conteúdo"",""Novas plataformas afiliados"",""Marketing de afiliados estratégico"",""Diversificação de receita afiliados"",""Tendências de conteúdo digital""}",afiliados,2026-01-02 12:01:11.221+00,3,t,2025-12-19 12:00:13.759386+00
722421d6-c4d6-4261-afb5-19cc89ee6896,Economia Circular e Consumo Consciente: Um Guia para 2026 e Além,"{""Economia circular Brasil"",""Consumo consciente 2026"",""Sustentabilidade e varejo"",""Tendências de consumo ético"",""Impacto social e marcas""}",tendencias,2026-01-02 15:03:11.294+00,3,t,2025-12-19 12:00:13.759386+00
5fafbefd-cdd1-40f1-ba53-719265940dd1,Economia criadora em 2026: novas formas de monetização para influenciadores locais,"{""economia criadora"",""monetização influenciadores"",""creator economy 2026"",""renda criadores conteúdo"",""influenciador local""}",afiliados,2025-12-23 15:00:57.651+00,3,t,2025-12-11 18:27:38.110301+00
2c5ea54b-505c-4ff2-a6c6-637f2d6ff37a,Live Commerce e Realidade Aumentada: As Tecnologias que Redefinirão o E-commerce Local em 2026,"{""Live commerce Brasil"",""Realidade aumentada varejo"",""E-commerce local 2026"",""Tendências tecnologia"",""Inovação varejo""}",tendencias,2026-01-17 18:01:08.994+00,3,t,2025-12-26 09:00:11.763195+00
b9558aea-f354-4c2a-9390-1ebfaa0d1a62,Realidade Aumentada e Metaverso: Como as Marcas Vão Vender Experiências em 2026,"{""Realidade aumentada varejo"",""Metaverso e consumo"",""Experiência do cliente 2026"",""Inovação tecnológica varejo"",""Comércio virtual tendencias""}",tendencias,2026-01-11 18:01:25.039+00,3,t,2025-12-19 12:00:13.759386+00
a4f3534f-c649-45b6-80ef-56ab9320ba38,Personalização Radical: Criando Campanhas de Marketing Local Hiper-Segmentadas com IA em 2026,"{""Personalização marketing IA"",""Marketing local com inteligência artificial"",""Hiper-segmentação de público"",""Campanhas de marketing 2026"",""Dados do consumidor e IA""}",empresas,2026-01-11 22:01:20.363+00,3,t,2025-12-19 12:00:13.759386+00
6746ec26-3880-4fb2-b54b-2fc116455d1b,Retrospectiva 2025: O Impacto da IA no Marketing Local para Pequenas Empresas,"{""IA marketing local"",""Pequenas empresas 2025"",""Marketing digital retrospectiva"",""Inteligência artificial negócios"",""Tendências marketing local""}",empresas,2026-01-12 09:01:09.887+00,3,t,2025-12-26 09:00:11.763195+00
60321ec3-d5ab-494d-9046-6716ea48bc29,Previsões 2026: Como o Pix e Novas Formas de Pagamento Vão Transformar o Comércio Local,"{""Pix comércio local"",""Meios de pagamento 2026"",""Tendências varejo"",""Tecnologia pagamento"",""Futuro comércio""}",empresas,2026-01-16 15:01:18.318+00,3,t,2025-12-26 09:00:11.763195+00
a9c960da-7e04-4c64-b08c-d6c16aaa5aa5,TikTok Shop no Brasil: Guia Completo para Afiliados e Criadores de Conteúdo em 2026,"{""TikTok Shop Brasil"",""Afiliados TikTok"",""Criadores de conteúdo 2026"",""Marketing de influência"",""Vendas redes sociais""}",afiliados,2026-01-16 18:01:21.853+00,3,t,2025-12-26 09:00:11.763195+00
461127ca-5dc2-479d-be6a-4af8f7a1cbc7,Retrospectiva 2025: O Impacto do TikTok Shop e Pix no Comércio Local Brasileiro,"{""TikTok Shop Brasil"",""Pix para negócios locais"",""Retrospectiva marketing digital 2025"",""Comércio local e tecnologia"",""Vendas online pequenos negócios""}",empresas,2025-12-25 22:01:17.291+00,3,t,2025-12-19 12:00:13.759386+00
7c143b3a-3442-4b74-a46d-b66064162a30,Além da Retrospectiva: Estratégias de SEO Local com IA para Pequenos Negócios em 2026,"{""SEO local IA"",""Marketing pequenas empresas"",""Estratégias SEO 2026"",""Otimização busca local"",""Inteligência artificial SEO""}",empresas,2026-01-16 22:01:34.133+00,3,t,2025-12-26 09:00:11.763195+00
7c4c6cf4-7645-4f63-831a-d56995acf1e4,O Consumidor 5.0: Entenda o Comportamento e Adapte suas Estratégias de Marketing em 2026,"{""Comportamento consumidor 2026"",""Marketing digital tendências"",""Consumidor conectado"",""Estratégias marketing"",""Personalização marketing""}",tendencias,2026-01-17 09:01:16+00,3,t,2025-12-26 09:00:11.763195+00
ac492833-83b5-4b84-9c63-ee7d0a67ccbe,Previsões 2026: Como a IA Generativa e o Conteúdo Interativo Moldarão o Marketing de Afiliados,"{""IA generativa marketing de afiliados"",""Marketing de afiliados 2026"",""Conteúdo interativo afiliados"",""Tendências criadores de conteúdo"",""Futuro do marketing de influência""}",afiliados,2026-01-01 18:01:20.976+00,3,t,2025-12-19 12:00:13.759386+00
cf4b2e83-da59-49ce-8bcf-2c18fb1a22e4,Do Offline ao Online Otimizado: O Futuro do SEO Local para Pequenas Empresas em 2026,"{""SEO local 2026"",""Marketing para pequenos negócios"",""Otimização de busca local"",""Google Meu Negócio 2026"",""Estratégias de SEO offline""}",empresas,2026-01-02 18:01:20.627+00,3,t,2025-12-19 12:00:13.759386+00
2783df0c-f4f7-4ea9-b616-64afb6627b9e,Micro-influenciadores e Nanoinfluenciadores: A Estratégia Que Domina o Marketing de Afiliados em 2026,"{""Micro-influenciadores afiliados"",""Nanoinfluenciadores marketing"",""Marketing de influência 2026"",""Marketing de afiliados nichado"",""Engajamento com influenciadores""}",afiliados,2026-01-02 22:00:47.225+00,3,t,2025-12-19 12:00:13.759386+00
69cc93d1-5fa9-487e-850d-89e432c59e20,Monetização Criativa: Novas Oportunidades para Criadores de Conteúdo em Programas de Afiliados Pós-2025,"{""Monetização criadores"",""Programa afiliados 2026"",""Marketing de conteúdo"",""Novas oportunidades afiliados"",""Renda criadores""}",afiliados,2026-01-17 15:01:30.248+00,3,t,2025-12-26 09:00:11.763195+00
4b77ea77-5ef4-445b-8f90-415e4e84dbd6,Além do Metaverso: 3 Tendências de Consumo e Tecnologia que Reinventarão a Experiência do Cliente em 2027,"{""tendências de consumo 2027"",""tecnologia e varejo"",""experiência do cliente"",""metaverso futuro"",""inovação no consumo""}",tendencias,2026-04-01 18:01:22.757+00,3,t,2026-01-18 18:00:11.05906+00
f4cce7b7-8605-403d-aa57-ef335bb116b9,Micro Influenciadores Locais: A Chave para o Engajamento e Vendas de Pequenos Negócios em 2026,"{""Micro influenciadores"",""Marketing de influência local"",""Pequenos negócios marketing"",""Engajamento local"",""Campanhas influenciadores""}",empresas,2026-01-17 22:01:04.332+00,3,t,2025-12-26 09:00:11.763195+00
32a17a0e-a26a-46e4-bd1a-e5e371117f86,Economia Criativa e Conteúdo Gerado por Usuário: A Força dos Afiliados em 2026,"{""Economia criativa"",""Conteúdo gerado usuário"",""Marketing de afiliação 2026"",""Tendências afiliados"",""UGC marketing""}",afiliados,2026-01-18 09:01:14.222+00,3,t,2025-12-26 09:00:11.763195+00
e92d9f49-c024-40d9-90b4-31866626abbb,Previsões 2027: Como a IA e o Pix Vão Redefinir o E-commerce para Empreendedores Locais,"{""IA e e-commerce"",""Pix no varejo"",""tendências e-commerce 2027"",""marketing para empreendedores"",""tecnologia para pequenos negócios""}",empresas,2026-02-26 15:01:19.365+00,3,t,2026-01-12 12:00:13.942477+00
7ee73854-07ac-47e7-86f5-b0bd3f7ca82b,Além do Link: Como os Afiliados Estão Usando IA para Criar Conteúdo e Aumentar Conversões em 2027,"{""IA para afiliados"",""conteúdo com IA"",""marketing de afiliados 2027"",""estratégias de conversão"",""automação para afiliados""}",afiliados,2026-02-26 22:01:41.206+00,3,t,2026-01-12 12:00:13.942477+00
16c2a668-1a91-43a6-95b4-9a09c258c27e,A Personalização Extrema: Como a IA Guia a Experiência do Cliente e Aumenta Vendas em 2026,"{""Personalização IA"",""Experiência do cliente 2026"",""Vendas com IA"",""Marketing one-to-one"",""Tecnologia em vendas""}",tendencias,2026-01-18 12:01:10.038+00,3,t,2025-12-26 09:00:11.763195+00
58209168-31c3-49c3-b221-ac7b6eca632b,Retrospectiva 2026: As Melhores Estratégias de Marketing Local que Bombardearam Pequenos Negócios,"{""marketing local 2026"",""pequenos negócios"",""estratégias de sucesso"",""marketing digital local"",""casos de sucesso""}",empresas,2026-01-18 15:01:17.224+00,3,t,2026-01-12 12:00:13.942477+00
1e53136e-3a72-468e-85d6-ad6b0aca4887,O Consumidor do Futuro: Comportamentos que Marcaram 2026 e o que Esperar em 2027 no Brasil,"{""comportamento do consumidor 2026"",""tendências de consumo 2027"",""consumidor brasileiro"",""e-commerce brasil"",""novas demandas do consumidor""}",tendencias,2026-02-27 09:01:24.242+00,3,t,2026-01-12 12:00:13.942477+00
23552b6e-9713-489c-9bc9-2f8b36520c5b,Metaverso e Realidade Aumentada: As Tecnologias que Vão Transformar a Experiência de Compra Local em 2027,"{""metaverso no varejo"",""realidade aumentada compras"",""tecnologia para varejo"",""experiência do cliente 2027"",""inovações no comércio local""}",tendencias,2026-02-27 12:01:18.913+00,3,t,2026-01-12 12:00:13.942477+00
c8d310bf-91d3-4502-a3cf-f14f037ce091,Micro-influenciadores Locais: A Estratégia de Marketing Digital Essencial para Pequenos Negócios em 2027,"{""micro-influenciadores locais"",""marketing de influência"",""marketing digital para pequenas empresas"",""estratégias de engajamento"",""comunidade local""}",empresas,2026-02-27 15:01:34.485+00,3,t,2026-01-12 12:00:13.942477+00
77b684ab-6db9-4c78-b8c3-caa3132291ff,Monetização Criativa: Novos Modelos de Negócio para Criadores de Conteúdo em 2027 Pós-TikTok Shop,"{""monetização criadores de conteúdo"",""novos modelos de negócio"",""tendências para influenciadores"",""ganhar dinheiro com conteúdo"",""pós TikTok Shop""}",afiliados,2026-02-27 18:01:14.603+00,3,t,2026-01-12 12:00:13.942477+00
a8bc2441-6aee-4fe1-8c71-c8f9e6b5b307,Sustentabilidade e Consumo Consciente: Como as Marcas se Adaptaram em 2026 e as Exigências de 2027,"{""consumo consciente 2026"",""moda sustentável 2027"",""marcas sustentáveis"",""exigências do consumidor"",""responsabilidade social corporativa""}",tendencias,2026-02-27 22:01:12.299+00,3,t,2026-01-12 12:00:13.942477+00
ebbcee40-4c63-4af0-8a71-e206bdd22d4f,Além do Básico: Estratégias Avançadas de SEO Local para Dominar as Buscas em 2027 e Atrair Mais Clientes,"{""SEO local 2027"",""estratégias avançadas SEO"",""marketing de busca local"",""rankeamento local"",""tráfego orgânico local""}",empresas,2026-02-28 09:01:19.043+00,3,t,2026-01-12 12:00:13.942477+00
5224ae7a-a0cb-4105-ba31-ada88657603b,Retrospectiva 2026: As 5 Estratégias de Marketing Local que Bombardearam Pequenos Negócios,"{""marketing local 2026"",""pequenos negócios"",""estratégias de marketing"",""cases de sucesso"",""marketing digital local""}",empresas,2026-03-01 09:01:21.263+00,3,t,2026-01-18 18:00:11.05906+00
b141a70f-a9e0-4bbd-85c8-81e45d06579f,Previsões 2027: Como a IA e o Pix Vão Transformar o Comércio Local no Brasil,"{""IA no varejo"",""Pix futuro"",""comércio local 2027"",""tendências de pagamento"",""tecnologia para negócios""}",empresas,2026-04-01 12:01:36.456+00,3,t,2026-01-18 18:00:11.05906+00
ebfe3e0a-2c09-49fb-b218-68387cb0497c,TikTok Shop em 2026: O Guia Definitivo para Afiliados e Criadores Lucrarem (e o que esperar em 2027),"{""TikTok Shop Brasil"",""marketing de afiliados TikTok"",""criadores de conteúdo"",""monetização TikTok"",""tendências e-commerce""}",afiliados,2026-04-01 15:01:24.585+00,3,t,2026-01-18 18:00:11.05906+00
7af66e45-a056-47ab-9a01-fb8c69634637,Marketing de Afiliados sem Fronteiras: Explorando Novos Nichos e Plataformas em 2027,"{""marketing de afiliados 2027"",""novos nichos"",""plataformas de afiliados"",""estratégias de monetização"",""afiliados digitais""}",afiliados,2026-04-01 22:01:44.337+00,3,t,2026-01-18 18:00:11.05906+00
9cbabfb9-7e51-4dd0-b9ee-a3110a455e15,Afiliados em 2026: O Ano da Explosão do TikTok Shop e a Oportunidade dos Criadores de Conteúdo,"{""TikTok Shop afiliados"",""marketing de afiliados 2026"",""criadores de conteúdo"",""oportunidades para afiliados"",""tendências de monetização""}",afiliados,2026-02-26 18:01:07.246+00,3,t,2026-01-12 12:00:13.942477+00
1a0e52d2-d827-440d-a8ed-c2a2d411c938,O Consumidor 5.0: Como Entender e Engajar o Público Pós-Pandemia em 2027,"{""comportamento do consumidor"",""consumidor pós-pandemia"",""engajamento de clientes"",""novas gerações"",personalização}",tendencias,2026-04-02 09:01:03.876+00,3,t,2026-01-18 18:00:11.05906+00
f181c9c9-5c53-441b-b063-9524054b7623,Economia Circular e Consumo Sustentável: Oportunidades para Negócios em 2027,"{""economia circular"",""consumo sustentável"",""negócios verdes"",""tendências de sustentabilidade"",""responsabilidade social""}",tendencias,2026-04-02 22:00:56.573+00,3,t,2026-01-18 18:00:11.05906+00
982113f7-bb79-47d3-acb3-317f2636a2e1,Além do Google Meu Negócio: Ferramentas Essenciais de Marketing Local para 2027,"{""marketing local avançado"",""ferramentas de marketing"",""SEO local 2027"",""presença online"",""marketing para empresas locais""}",empresas,2026-04-03 09:01:13.614+00,3,t,2026-01-18 18:00:11.05906+00
1669afa9-c7a6-4da2-abaa-205befe91aeb,Retrospectiva 2026: As Melhores Estratégias de Marketing Digital Local para Pequenas Empresas no Brasil,"{""marketing digital local 2026"",""pequenas empresas brasil"",""tendências marketing local"",""cases de sucesso marketing"",""otimização Google Meu Negócio""}",empresas,2026-04-03 12:01:25.492+00,3,t,2026-03-01 12:00:08.701257+00
012785ed-d809-49d1-a31b-186b9e726c31,Metaverso e Realidade Aumentada em 2027: Oportunidades e Desafios para Marcas e Pequenos Negócios,"{""metaverso marketing brasil"",""realidade aumentada varejo"",""futuro do e-commerce 2027"",""experiência do cliente metaverso"",""tecnologias emergentes marketing""}",tendencias,2026-04-08 22:01:15.64+00,3,t,2026-03-01 12:00:08.701257+00
d8718932-fbaa-4b53-a4a1-88dbc66bd0f0,A Geração Z e o Consumo Sustentável em 2026: Como Pequenas Empresas Podem se Conectar com Essa Demanda Crescente,"{""Geração Z consumo sustentável"",""marketing verde pequenas empresas"",""sustentabilidade no varejo"",""engajamento consumidor jovem"",""tendências consumo consciente""}",empresas,2026-04-09 09:01:07.206+00,3,t,2026-03-01 12:00:08.701257+00
1c0027c0-9c2d-4420-af19-7d475e8129e4,Previsões 2027: Como a IA e o Pix vão Transformar o Comércio Local e o Marketing de Vizinhança,"{""IA comércio local"",""Pix marketing de vizinhança"",""futuro do varejo local"",""tendências pagamentos 2027"",""inteligência artificial pequenas empresas""}",empresas,2026-04-08 09:01:08.988+00,3,t,2026-03-01 12:00:08.701257+00
cac60265-8693-4208-9e3e-ced43d2c09dd,O Boom do TikTok Shop no Brasil em 2026: Lições Aprendidas para Afiliados e Criadores de Conteúdo,"{""TikTok Shop Brasil 2026"",""marketing de afiliados TikTok"",""criadores de conteúdo e-commerce"",""vendas sociais TikTok"",""estratégias TikTok para afiliados""}",afiliados,2026-04-08 12:01:19.353+00,3,t,2026-03-01 12:00:08.701257+00
e4cc9ca3-34fc-44dc-9698-2885a65ddf44,Além do Hype: Como Construir uma Carreira Sólida como Afiliado e Criador em 2027 com Conteúdo de Valor,"{""carreira afiliado 2027"",""conteúdo de valor criadores"",""monetização criadores de conteúdo"",""nicho de mercado afiliados"",""tendências marketing de influência""}",afiliados,2026-04-08 15:01:43.834+00,3,t,2026-03-01 12:00:08.701257+00
17fbd80f-564d-4c2b-9926-6fc04e79d103,Comportamento do Consumidor Pós-Pandemia (2026-2027): O Que o Brasileiro Busca em Marcas Locais e Digitais,"{""comportamento consumidor brasil 2026"",""consumidor pós-pandemia"",""preferências marcas locais"",""consumo consciente digital"",""tendências e-commerce brasil""}",tendencias,2026-04-08 18:01:22.179+00,3,t,2026-03-01 12:00:08.701257+00
0410f3c6-e8cd-460a-aa28-57518c095870,Comunidades Online e UGC em 2027: Alavancando o Poder dos Fãs para Vendas e Engajamento de Afiliados,"{""comunidades online marketing"",""UGC marketing de afiliados"",""engajamento fãs criadores"",""marketing de comunidade 2027"",""conteúdo gerado pelo usuário""}",afiliados,2026-04-09 12:01:23.794+00,3,t,2026-03-01 12:00:08.701257+00
5893a865-7e79-4a04-91e7-3a2583b5f905,O Crescimento do Social Commerce no Brasil: Estratégias para Pequenas Empresas e Afiliados em 2027,"{""social commerce brasil 2027"",""vendas pelas redes sociais"",""estratégias e-commerce social"",""marketing de influência vendas"",""plataformas de social commerce""}",tendencias,2026-04-09 18:01:28.159+00,3,t,2026-03-01 12:00:08.701257+00
4b4c2b7e-4827-4efd-b8d8-f66125a3f1c5,"IA para Pequenos Negócios: Automação, Personalização e Vendas em 2027","{""IA para PMEs"",""automação de marketing"",""personalização de vendas"",""vendas online"",""negócios inteligentes""}",empresas,2026-04-02 12:01:27.845+00,3,t,2026-01-18 18:00:11.05906+00
1bfadd9b-7468-4b0f-bc39-88f51b740b6b,De Micro-Influencer a Mega-Afiliado: O Caminho para o Sucesso em 2027,"{micro-influencer,mega-afiliado,""sucesso em marketing digital"",""construção de audiência"",""estratégias de influência""}",afiliados,2026-04-02 15:01:35.942+00,3,t,2026-01-18 18:00:11.05906+00
9bee4e86-f2fc-46ac-8bde-5744f47b9199,Consumidor 5.0: Entenda o Novo Perfil e Como Engajá-lo em 2027,"{""comportamento consumidor"",""geração Z"",""marketing de experiência"",""consumo consciente"",""tendências 2027""}",tendencias,2026-04-24 22:01:15.988+00,3,t,2026-04-03 15:00:07.947013+00
0a98c826-82a6-4c36-913b-993ede79fb51,Retrospectiva 2026: As 5 Maiores Inovações no Marketing Para Pequenas Empresas,"{""inovações marketing"",""pequenas empresas"",""retrospectiva 2026"",""ferramentas marketing"",automação}",empresas,2026-04-25 09:01:07.215+00,3,t,2026-04-03 15:00:07.947013+00
bab05178-6dde-4185-8ae0-499285f0cfad,Além do Link: Estratégias Avançadas de SEO Local para o Sucesso em 2027,"{""SEO local"",""marketing digital local"",""google meu negócio"",""otimização busca"",""ranqueamento orgânico""}",empresas,2026-04-25 12:01:18.207+00,3,t,2026-04-03 15:00:07.947013+00
08a668cf-3be8-4706-aa5c-3ebe8628bfc2,Marketing de Influência para Afiliados em 2027: Microinfluenciadores e Nichos de Mercado,"{""marketing de influência"",afiliados,microinfluenciadores,""nichos de mercado"",""conteúdo autêntico""}",afiliados,2026-04-25 15:01:04.87+00,3,t,2026-04-03 15:00:07.947013+00
b19ec83f-6b76-4f41-92b6-3eb615880b27,Realidade Aumentada e Metaverso na Experiência de Compra: O Que Esperar para 2027?,"{""realidade aumentada"",metaverso,""experiência de compra"",""varejo 2027"",""tecnologia imersiva""}",tendencias,2026-04-25 18:01:21.825+00,3,t,2026-04-03 15:00:07.947013+00
f036ac23-aacd-4ae6-bfb1-19e2c48e5aee,Pix como Ferramenta de Marketing e Vendas para MEIs e E-commerce Local em 2027,"{""Pix marketing"",""e-commerce local"",MEI,""pagamentos instantâneos"",""tendências 2027""}",empresas,2026-04-24 09:01:10.069+00,3,t,2026-04-03 15:00:07.947013+00
b54f4175-093b-4347-bf10-37a898203fa8,TikTok Shop no Brasil: Guia Completo para Afiliados e Influenciadores lucrarem em 2027,"{""TikTok Shop Brasil"",""marketing de afiliados"",""influenciadores digitais"",""e-commerce social"",""renda extra""}",afiliados,2026-04-24 12:01:30.674+00,3,t,2026-04-03 15:00:07.947013+00
834b69f1-5024-4da3-af79-a6ddc1272be6,O Futuro da Monetização: Como Criadores de Conteúdo se Adaptam às Novas Plataformas em 2027,"{""monetização criadores"",""futuro do conteúdo"",""plataformas digitais"",""inteligência artificial"",web3}",afiliados,2026-04-24 15:01:32.245+00,3,t,2026-04-03 15:00:07.947013+00
3db3d119-d7f0-4e7c-bcec-0de313de680f,Inteligência Artificial no Atendimento ao Cliente Local: Tendências e Aplicações para 2027,"{""IA atendimento cliente"",""negócios locais"",""tendências tecnologia"",personalização,""experiência do cliente""}",tendencias,2026-04-24 18:00:58.964+00,3,t,2026-04-03 15:00:07.947013+00
7930955b-7077-4313-b1d5-4fe0d143e517,Retrospectiva 2026: As 5 Maiores Tendências de Marketing Local que Transformaram Pequenos Negócios,"{""marketing local"",""pequenos negócios"",""tendências 2026"",""estratégias de marketing"",""negócios locais""}",empresas,2026-04-25 22:01:19.976+00,3,t,2026-04-10 12:00:09.826531+00
6de26c1c-d33a-45f5-98dd-1c623ab6bfd3,Previsões 2027: Como a IA e o Pix Vão Redefinir o E-commerce Local no Brasil,"{""IA no varejo"",""Pix e e-commerce"",""futuro do comércio local"",""tecnologia no marketing"",""tendências 2027""}",tendencias,2026-05-06 12:01:15.887+00,3,t,2026-04-10 12:00:09.826531+00
d8f18644-169c-441a-a885-7f7b9f4135d7,TikTok Shop no Brasil: Guia Completo para Afiliados Maximizarem Vendas em 2027,"{""TikTok Shop Brasil"",""marketing de afiliados"",""vendas online"",""criadores de conteúdo"",""social commerce""}",afiliados,2026-05-06 15:01:02.39+00,3,t,2026-04-10 12:00:09.826531+00
3f7347f2-df99-4364-a7e9-7247bca01a20,Personalização em Escala: Como a IA Está Redefinindo o Marketing Digital para o Público Brasileiro em 2027,"{""personalização IA marketing"",""marketing digital brasil 2027"",""inteligência artificial no marketing"",""experiência do cliente personalizada"",""futuro do marketing de conteúdo""}",tendencias,2026-04-09 22:00:56.636+00,3,t,2026-03-01 12:00:08.701257+00
9f216a81-1a43-462e-b757-e44ae11d5238,Marketing Local em 2026: Estratégias Digitais que Bombardearam Pequenos Negócios,"{""marketing local"",""pequenos negócios"",""estratégias digitais"",""case studies 2026"",""empreendedorismo local""}",empresas,2026-04-10 09:01:31.424+00,3,t,2026-04-03 15:00:07.947013+00
8372894e-55ac-431f-ac3e-6e8900e6fde3,O Impacto da IA Generativa no Marketing Local para Pequenos Negócios em 2026: Retrospectiva e Expectativas para 2027,"{""IA generativa"",""marketing local"",""pequenos negócios"",""tendências 2026"",""previsões 2027""}",empresas,2026-06-01 15:01:38.268+00,3,t,2026-04-26 09:00:08.139858+00
e1e53797-e68e-4702-8b51-d73a99f6a8d7,Pix como Ferramenta de Fidelização e Vendas: Estratégias para o Comércio Local em 2027,"{Pix,""fidelização de clientes"",""vendas locais"",""pagamentos digitais"",""estratégias financeiras""}",empresas,2026-07-02 22:01:18.124+00,3,t,2026-04-26 09:00:08.139858+00
e0b29a03-04b6-4690-8d1c-74640ffba074,Além do Desconto: Construindo Lealdade de Clientes Locais na Era da Personalização (2026-2027),"{""lealdade do cliente"",""personalização no varejo"",""marketing de relacionamento"",""consumidor 2026"",""engajamento local""}",empresas,2026-05-06 18:01:07.278+00,3,t,2026-04-10 12:00:09.826531+00
3f0c34e5-59b0-4f68-9cb2-1396d2b828e8,Além do básico: Estratégias de SEO local avançadas para dominar as buscas em 2027,"{""SEO local avançado"",""ranquear no Google local"",""otimização busca local"",""marketing de busca"",""SEO para pequenos negócios""}",empresas,2026-07-01 12:01:16.12+00,2,t,2026-06-01 18:00:19.213999+00
9ac55ca1-69dd-42a5-a87c-93c756a332ca,Monetizando sua audiência: O guia definitivo para criadores de conteúdo rentabilizarem em 2027,"{""monetizar conteúdo"",""renda criador de conteúdo"",""programa de afiliados para criadores"",""marketing de influência"",""ganhar dinheiro com conteúdo""}",afiliados,2026-07-01 15:01:24.022+00,2,t,2026-06-01 18:00:19.213999+00
8949236e-d88d-4fbc-8491-92191c752b71,Monetizando sua Audiência: Estratégias de Afiliados para Criadores de Conteúdo em Nichos Emergentes (2027),"{""monetização de conteúdo"",""marketing de influência"",""nichos de mercado"",""plataformas de afiliados"",""criadores de conteúdo""}",afiliados,2026-05-06 22:01:06.679+00,3,t,2026-04-10 12:00:09.826531+00
4d0ab5f2-f103-433b-80d7-bc6fc4b20670,A Revolução Silenciosa: Como os Dados Podem Alavancar o Marketing de Pequenas Empresas em 2027,"{""análise de dados"",""marketing baseado em dados"",""decisão estratégica"",""pequenas empresas"",""inteligência de mercado""}",empresas,2026-05-07 09:01:28.107+00,3,t,2026-04-10 12:00:09.826531+00
c68a6cb3-9358-477f-9ac4-220dacaf804e,Do Metaverso ao Micro-influenciador: Tendências de Consumo e Tecnologia para Ficar de Olho em 2027,"{""metaverso no varejo"",micro-influenciadores,""comportamento do consumidor"",""tendências tecnológicas"",""futuro do consumo""}",tendencias,2026-05-07 12:01:12.51+00,3,t,2026-04-10 12:00:09.826531+00
3115f6e6-e2fc-4e3e-8a42-ad3904bbb105,SEO Local 2.0: Otimizando sua Empresa para Buscas por Voz e IA em 2027,"{""SEO local"",""busca por voz"",""otimização para IA"",""visibilidade online"",""marketing de busca""}",empresas,2026-05-07 15:01:14.862+00,3,t,2026-04-10 12:00:09.826531+00
6ec41cad-bafa-43ce-9df9-a544629eccf4,Parcerias que Geram Lucro: Estratégias Inovadoras para Afiliados e Marcas em 2026-2027,"{""parcerias de afiliados"",""marketing de parceria"",""colaboração de marcas"",""geração de lucro"",""networking para afiliados""}",afiliados,2026-05-07 18:01:37.787+00,3,t,2026-04-10 12:00:09.826531+00
48f40f2e-c80c-4cc8-8e0f-2449fdf539e1,Sustentabilidade e Consumo Consciente: O Impacto nos Negócios Locais em 2027 e Como se Adaptar,"{""consumo consciente"",""negócios sustentáveis"",""responsabilidade social"",""tendências de consumo"",""marketing verde""}",tendencias,2026-06-01 09:01:19.363+00,3,t,2026-04-10 12:00:09.826531+00
08f750a2-133d-4e46-b176-91767ea07c9d,Além do TikTok: Novas Plataformas Sociais e o Futuro do Marketing de Afiliados em 2027,"{""marketing de afiliados"",""TikTok Shop"",""redes sociais"",""novas plataformas"",""tendências digitais""}",afiliados,2026-07-20 00:18:22.076+00,3,t,2026-04-26 09:00:08.139858+00
ec2d6537-9436-4db2-bd4d-cb87b79aef18,TikTok Shop no Brasil: Guia completo para pequenos negócios venderem mais em 2027,"{""TikTok Shop Brasil"",""vender no TikTok"",""marketing TikTok"",""e-commerce TikTok"",""negócios no TikTok""}",empresas,2026-06-24 15:01:37.914+00,2,t,2026-06-01 18:00:19.213999+00
203ea7fe-b435-4f86-ba3c-9f728ee69f90,O Consumidor 5.0: Entenda o comportamento do seu cliente e personalize suas vendas em 2027,"{""comportamento do consumidor"",""consumidor 5.0"",""personalização vendas"",""experiência do cliente"",""marketing centrado no cliente""}",tendencias,2026-07-01 09:01:12.618+00,2,t,2026-06-01 18:00:19.213999+00
66bae07b-60e3-4eae-b5b9-01cfb115ff88,Micro-influenciadores locais: A estratégia de marketing digital mais poderosa para pequenos negócios em 2027,"{micro-influenciadores,""marketing de influência local"",""influenciadores para pequenos negócios"",""marketing boca a boca digital"",""estratégias de marketing digital""}",empresas,2026-07-01 18:01:18.349+00,2,t,2026-06-01 18:00:19.213999+00
c93e078c-7368-4b73-bb98-f6f9f8d5e17f,Realidade Aumentada e Metaverso: Como as novas tecnologias impactam o consumo e as vendas em 2027,"{""realidade aumentada varejo"",""metaverso negócios"",""tendências tecnologia consumo"",""futuro do e-commerce"",""vendas no metaverso""}",tendencias,2026-07-01 22:01:28.622+00,2,t,2026-06-01 18:00:19.213999+00
8c953d20-7043-4392-bd36-660e7a4456ee,Do offline ao online: Como pequenos negócios podem integrar o Pix e outras ferramentas digitais para um crescimento exponencial em 2027,"{""integração Pix negócios"",""digitalização pequeno negócio"",""ferramentas digitais para empresas"",""crescimento de pequenos negócios"",""omnichannel varejo""}",empresas,2026-07-02 09:01:17.302+00,2,t,2026-06-01 18:00:19.213999+00
4a4a8231-d820-47b2-a882-91ec09899032,Retrospectiva 2026: As 5 principais estratégias de marketing local que bombaram em pequenos negócios,"{""marketing local"",""pequenos negócios"",""estratégias marketing"",""sucesso local"",""2026 marketing""}",empresas,2026-07-02 12:01:26.97+00,2,t,2026-06-01 18:00:19.213999+00
32854002-86c8-42a4-bbaa-07696ea5cdc6,Previsões 2027: Como a IA e o Pix vão revolucionar o comércio local no Brasil,"{""IA comércio local"",""Pix negócios"",""futuro varejo"",""tecnologia e pequenos negócios"",""tendências 2027""}",tendencias,2026-07-02 15:01:34.312+00,2,t,2026-06-01 18:00:19.213999+00
18d11ce6-aac5-43c5-80f1-c1ea60be476c,Marketing de Afiliados em 2026: Lições aprendidas e como se preparar para o boom de 2027,"{""marketing de afiliados"",""afiliados 2026"",""tendências afiliados"",""como ser afiliado"",""previsões afiliados 2027""}",afiliados,2026-07-02 18:01:28.144+00,2,t,2026-06-01 18:00:19.213999+00
3019aa73-bab3-4a96-aa13-ba494fce75fa,Conteúdo Interativo e Personalizado: O Segredo para Engajar Afiliados e Consumidores em 2027,"{""conteúdo interativo"",personalização,""engajamento do consumidor"",""marketing de afiliados"",""criação de conteúdo""}",afiliados,2026-07-24 12:02:01.083+00,3,t,2026-04-26 09:00:08.139858+00
e5d35270-8ded-4e15-a35c-777c6354ba16,Marketing de Influência Local: Como Pequenos Negócios Podem Otimizar Parcerias com Micrinfluenciadores em 2027,"{""marketing de influência"",microinfluenciadores,""pequenos negócios"",""parcerias locais"",""estratégias de engajamento""}",empresas,2026-05-05 18:01:26.044+00,2,t,2026-04-26 09:00:08.139858+00
3e92f0cb-3321-4294-a92b-882991e35fcf,Além do Metaverso: Novas Fronteiras Tecnológicas e seu Impacto no Marketing de Afiliados em 2027,"{metaverso,""novas tecnologias"",""marketing de afiliados"",""realidade aumentada"",""inovação digital""}",afiliados,2026-05-05 22:01:04.203+00,2,t,2026-04-26 09:00:08.139858+00
34e4a544-7305-4e16-94cd-fba74d1da83c,Sustentabilidade e Consumo Consciente: Como as Marcas se Adaptam e se Conectam com o Consumidor em 2027,"{sustentabilidade,""consumo consciente"",branding,""responsabilidade social"",""tendências de mercado""}",tendencias,2026-05-06 09:01:15.486+00,2,t,2026-04-26 09:00:08.139858+00
0065dd39-588c-4fb6-a249-280a1b989b90,A Economia Criativa no Brasil: Como Pequenos Negócios e Criadores de Conteúdo Estão Inovando em 2026-2027,"{""economia criativa"",""pequenos negócios"",""criadores de conteúdo"",inovação,""mercado brasileiro""}",tendencias,2026-07-26 12:01:45.118+00,3,t,2026-04-26 09:00:08.139858+00
82a9ec41-4360-40c2-b0ac-a4b511c3822f,Privacidade de Dados e Comportamento do Consumidor: Desafios e Oportunidades para o Marketing Digital em 2027,"{""privacidade de dados"",LGPD,""comportamento do consumidor"",""marketing digital"",""tendências regulatórias""}",tendencias,2026-07-27 12:02:06.045+00,3,t,2026-04-26 09:00:08.139858+00
48033081-2f89-44a3-b444-41fc06a3188b,Do Online ao Offline: Integrando Estratégias Digitais e Físicas para o Sucesso do Comércio Local em 2027,"{omnichannel,""comércio local"",""marketing digital"",""experiência do cliente"",""estratégias integradas""}",empresas,2026-07-28 12:01:21.5+00,3,t,2026-04-26 09:00:08.139858+00
