id,offer_id,ctr_score,quality_score,reputation_score,relevance_score,total_score,calculated_at
fbe1ff5d-b888-4337-8bc6-19681bbe280f,c6d5f839-9d64-4d81-9225-2e0c2d6700ef,7.0,9,10,0,8.450,2026-07-25 14:00:00.220546+00
dc9ca5e8-2310-48b9-835a-999a8f98d156,c6d5f839-9d64-4d81-9225-2e0c2d6700ef,7.0,9,10,0,8.450,2026-07-28 01:00:00.264286+00
e6212f63-6896-4aa5-9dbd-319a5c0964cf,fabee082-6ae6-4254-a264-30ca77bc94ab,7.0,10,8,0,8.300,2026-07-28 01:00:00.264286+00
1712df13-a13a-41fb-af71-1051310e73d3,3ae65d23-d087-4503-977d-a430f9672775,7.0,10,10,0,8.800,2026-07-28 01:00:00.264286+00
f4cf8858-17e4-4ba0-bff0-6e97b4f2e1e4,98f2a592-62df-4e51-87c3-2174dbdd883e,7.0,9,10,0,8.450,2026-07-28 01:00:00.264286+00
69d85934-9448-44ec-b10e-e31afb830672,3ae65d23-d087-4503-977d-a430f9672775,7.0,10,10,0,8.800,2026-07-28 11:00:00.237076+00
703f5a12-2db9-4621-9055-8af7fd8da8a7,98f2a592-62df-4e51-87c3-2174dbdd883e,7.0,9,10,0,8.450,2026-07-28 11:00:00.237076+00
852b15ad-6882-4498-bbc2-00ae3ae34b66,c6d5f839-9d64-4d81-9225-2e0c2d6700ef,7.0,9,10,0,8.450,2026-07-28 11:00:00.237076+00
7372cb3a-c61d-49c1-91dc-411e9123450b,fabee082-6ae6-4254-a264-30ca77bc94ab,7.0,10,8,0,8.300,2026-07-28 11:00:00.237076+00
46ccf657-fd59-40f8-a63e-ab46d8c1fa68,98f2a592-62df-4e51-87c3-2174dbdd883e,7.0,9,10,0,8.450,2026-07-28 21:00:00.241311+00
0f342e52-5a7d-4afe-820f-737a20d05434,c6d5f839-9d64-4d81-9225-2e0c2d6700ef,7.0,9,10,0,8.450,2026-07-28 21:00:00.241311+00
c5d10766-71b1-4bc4-b982-7787e1117458,fabee082-6ae6-4254-a264-30ca77bc94ab,7.0,10,8,0,8.300,2026-07-28 21:00:00.241311+00
06d5f970-7556-4e3c-a1e6-530b35db69f7,3ae65d23-d087-4503-977d-a430f9672775,7.0,10,10,0,8.800,2026-07-28 21:00:00.241311+00
05b8f791-113e-4115-a061-d962307abef9,c6d5f839-9d64-4d81-9225-2e0c2d6700ef,7.0,9,10,0,8.450,2026-07-22 01:00:00.246491+00
057e08fe-90e3-4e59-b8c7-38b9e3657287,fabee082-6ae6-4254-a264-30ca77bc94ab,7.0,10,8,0,8.300,2026-07-22 01:00:00.246491+00
d2ff01fb-93fe-4258-9c7e-ba0aac4b3b6a,3ae65d23-d087-4503-977d-a430f9672775,7.0,10,10,0,8.800,2026-07-22 01:00:00.246491+00
dbf6ff73-3740-4ce9-8c77-f7c41c44f093,3ae65d23-d087-4503-977d-a430f9672775,7.0,10,10,0,8.800,2026-07-22 11:00:00.234965+00
2a4bc3e6-e72d-4e1a-9686-ce5197044b7a,c6d5f839-9d64-4d81-9225-2e0c2d6700ef,7.0,9,10,0,8.450,2026-07-22 11:00:00.234965+00
3a69e94b-422a-4cd7-acdd-35adee646b1b,fabee082-6ae6-4254-a264-30ca77bc94ab,7.0,10,8,0,8.300,2026-07-22 11:00:00.234965+00
be025a41-195e-487c-af2c-7c5c8a6c8847,c6d5f839-9d64-4d81-9225-2e0c2d6700ef,7.0,9,10,0,8.450,2026-07-23 08:00:00.229556+00
3b532fa1-6f92-4caf-be54-d000a86153c0,fabee082-6ae6-4254-a264-30ca77bc94ab,7.0,10,8,0,8.300,2026-07-23 08:00:00.229556+00
379b3b32-b581-4414-98c4-ff67a45cc07c,3ae65d23-d087-4503-977d-a430f9672775,7.0,10,10,0,8.800,2026-07-23 08:00:00.229556+00
55cb6011-f7ae-4860-a74e-882ed52a114d,98f2a592-62df-4e51-87c3-2174dbdd883e,7.0,9,10,0,8.450,2026-07-23 08:00:00.229556+00
d2acd7f7-b3e3-4697-89cd-9c1f248dd411,3ae65d23-d087-4503-977d-a430f9672775,7.0,10,10,0,8.800,2026-07-23 18:00:00.2223+00
e6b60c9f-995e-4b22-aa2d-b9d30a51d601,98f2a592-62df-4e51-87c3-2174dbdd883e,7.0,9,10,0,8.450,2026-07-23 18:00:00.2223+00
dae959ca-be0c-4be1-ab30-bf4d64611a37,c6d5f839-9d64-4d81-9225-2e0c2d6700ef,7.0,9,10,0,8.450,2026-07-23 18:00:00.2223+00
bde5b806-bbd5-43c6-9c22-5f8ae14025cd,fabee082-6ae6-4254-a264-30ca77bc94ab,7.0,10,8,0,8.300,2026-07-23 18:00:00.2223+00
ea78b915-6f00-44a8-96eb-8b20ba067c48,98f2a592-62df-4e51-87c3-2174dbdd883e,7.0,9,10,0,8.450,2026-07-24 04:00:00.238833+00
dcaba011-435b-4656-b85b-4a50cc110ed7,c6d5f839-9d64-4d81-9225-2e0c2d6700ef,7.0,9,10,0,8.450,2026-07-24 04:00:00.238833+00
f46d94c9-e667-4100-bc86-060b78e7f729,fabee082-6ae6-4254-a264-30ca77bc94ab,7.0,10,8,0,8.300,2026-07-24 04:00:00.238833+00
287c1ad1-da31-4e01-96ed-b1be2141d9b7,3ae65d23-d087-4503-977d-a430f9672775,7.0,10,10,0,8.800,2026-07-24 04:00:00.238833+00
bfc89e4f-2404-4385-bc95-2366c06a3c63,fabee082-6ae6-4254-a264-30ca77bc94ab,7.0,10,8,0,8.300,2026-07-25 14:00:00.220546+00
36db89c6-501e-4f22-8539-2dacd19082dd,3ae65d23-d087-4503-977d-a430f9672775,7.0,10,10,0,8.800,2026-07-25 14:00:00.220546+00
f4d4b2f5-5acf-430c-b193-0e0f4c4950cf,98f2a592-62df-4e51-87c3-2174dbdd883e,7.0,9,10,0,8.450,2026-07-25 14:00:00.220546+00
ed4a6ba5-25d6-4544-9a9b-458552646dae,3ae65d23-d087-4503-977d-a430f9672775,7.0,10,10,0,8.800,2026-07-26 00:00:00.238663+00
d5cfe1e0-8619-4555-8aea-68469f2a2e52,98f2a592-62df-4e51-87c3-2174dbdd883e,7.0,9,10,0,8.450,2026-07-26 00:00:00.238663+00
bce073f0-5fbb-4715-b063-937b2639b924,c6d5f839-9d64-4d81-9225-2e0c2d6700ef,7.0,9,10,0,8.450,2026-07-26 00:00:00.238663+00
c4e91823-77a4-430d-b38e-ca741195a2d1,fabee082-6ae6-4254-a264-30ca77bc94ab,7.0,10,8,0,8.300,2026-07-26 00:00:00.238663+00
91f46b94-9385-4ed8-9c29-019bcbea3cbf,98f2a592-62df-4e51-87c3-2174dbdd883e,7.0,9,10,0,8.450,2026-07-26 10:00:00.249852+00
0deaf526-51d5-4b4c-aef5-a246b4eb076e,c6d5f839-9d64-4d81-9225-2e0c2d6700ef,7.0,9,10,0,8.450,2026-07-26 10:00:00.249852+00
53a89eb1-f954-4437-bd76-fc7dd676d4a6,fabee082-6ae6-4254-a264-30ca77bc94ab,7.0,10,8,0,8.300,2026-07-26 10:00:00.249852+00
6d7bf902-d0df-46b8-a7c1-02605d907161,3ae65d23-d087-4503-977d-a430f9672775,7.0,10,10,0,8.800,2026-07-26 10:00:00.249852+00
b40c0d48-0a9b-4736-ae98-7fff2a379196,98f2a592-62df-4e51-87c3-2174dbdd883e,7.0,9,10,0,8.450,2026-07-22 19:14:57.538768+00
6080c9f1-73f6-43c1-9bb5-e1965384c65e,3ae65d23-d087-4503-977d-a430f9672775,7.0,10,10,0,8.800,2026-07-23 05:00:00.259256+00
c99e39ff-e960-4d83-bc14-7cb24a6ea633,98f2a592-62df-4e51-87c3-2174dbdd883e,7.0,9,10,0,8.450,2026-07-23 05:00:00.259256+00
654c63f4-7091-49d8-8849-5875b03a485a,c6d5f839-9d64-4d81-9225-2e0c2d6700ef,7.0,9,10,0,8.450,2026-07-23 05:00:00.259256+00
41096955-5201-4c09-aefc-e89131fd5c79,fabee082-6ae6-4254-a264-30ca77bc94ab,7.0,10,8,0,8.300,2026-07-23 05:00:00.259256+00
ada9d404-831b-41bd-821f-2de267ce2edf,c6d5f839-9d64-4d81-9225-2e0c2d6700ef,7.0,9,10,0,8.450,2026-07-24 14:00:00.257324+00
7cc15926-69c9-4ce2-b61d-dc733d4f0ffb,fabee082-6ae6-4254-a264-30ca77bc94ab,7.0,10,8,0,8.300,2026-07-24 14:00:00.257324+00
20d52b02-c023-4ff8-8f93-a1e6c63b32f3,3ae65d23-d087-4503-977d-a430f9672775,7.0,10,10,0,8.800,2026-07-24 14:00:00.257324+00
ea9220f6-d2cc-43ca-a65b-5e84a362fa47,98f2a592-62df-4e51-87c3-2174dbdd883e,7.0,9,10,0,8.450,2026-07-24 14:00:00.257324+00
ed054abb-cd56-4194-95cd-6e2895bdeb54,3ae65d23-d087-4503-977d-a430f9672775,7.0,10,10,0,8.800,2026-07-25 00:00:00.264933+00
8bf783ac-605b-4e7c-82fd-e986ff17fb53,98f2a592-62df-4e51-87c3-2174dbdd883e,7.0,9,10,0,8.450,2026-07-25 00:00:00.264933+00
b1df7955-d963-444e-9c87-38488193f2d8,c6d5f839-9d64-4d81-9225-2e0c2d6700ef,7.0,9,10,0,8.450,2026-07-25 00:00:00.264933+00
196cac2e-6822-4c2f-88cf-72eb71271b50,c6d5f839-9d64-4d81-9225-2e0c2d6700ef,7.0,9,10,0,8.450,2026-07-26 20:00:00.265863+00
0944e82d-9f2e-4af5-9189-adb4aa971d8d,fabee082-6ae6-4254-a264-30ca77bc94ab,7.0,10,8,0,8.300,2026-07-26 20:00:00.265863+00
3d8b20ac-533f-4066-b334-13e2029190b9,3ae65d23-d087-4503-977d-a430f9672775,7.0,10,10,0,8.800,2026-07-26 20:00:00.265863+00
f67b4880-d8e2-4b99-aa4a-069340a2f49e,98f2a592-62df-4e51-87c3-2174dbdd883e,7.0,9,10,0,8.450,2026-07-26 20:00:00.265863+00
dccbbaca-6c3b-45a3-a9f0-09ce8fcc28c2,3ae65d23-d087-4503-977d-a430f9672775,7.0,10,10,0,8.800,2026-07-27 06:00:00.258416+00
c85d40f7-f4ba-4d2c-958c-89266beab1bc,98f2a592-62df-4e51-87c3-2174dbdd883e,7.0,9,10,0,8.450,2026-07-27 06:00:00.258416+00
b65c6629-8eb3-475d-b8e0-24d6725b3369,fabee082-6ae6-4254-a264-30ca77bc94ab,7.0,10,8,0,8.300,2026-07-25 00:00:00.264933+00
56aa4da6-2696-4257-a8b7-9f016e046c30,98f2a592-62df-4e51-87c3-2174dbdd883e,7.0,9,10,0,8.450,2026-07-25 10:00:00.243408+00
0c267768-e1b9-464e-88f3-673fd735a4cc,c6d5f839-9d64-4d81-9225-2e0c2d6700ef,7.0,9,10,0,8.450,2026-07-25 10:00:00.243408+00
966ecf76-7b5f-47bd-bc41-90834d6f6080,fabee082-6ae6-4254-a264-30ca77bc94ab,7.0,10,8,0,8.300,2026-07-25 10:00:00.243408+00
875bf466-9341-4fbb-bc2b-63caf0cf56c1,3ae65d23-d087-4503-977d-a430f9672775,7.0,10,10,0,8.800,2026-07-25 10:00:00.243408+00
b5f54df8-9bcc-4f80-ba91-8e0c11073029,c6d5f839-9d64-4d81-9225-2e0c2d6700ef,7.0,9,10,0,8.450,2026-07-27 06:00:00.258416+00
24e5d705-63aa-4bae-8205-1d887166e697,fabee082-6ae6-4254-a264-30ca77bc94ab,7.0,10,8,0,8.300,2026-07-27 06:00:00.258416+00
fcd5de2e-8d04-41a4-9ee1-16942beb0bd2,98f2a592-62df-4e51-87c3-2174dbdd883e,7.0,9,10,0,8.450,2026-07-27 16:00:00.235978+00
a7b7fcca-129f-4132-9cfa-e6ea5840b611,c6d5f839-9d64-4d81-9225-2e0c2d6700ef,7.0,9,10,0,8.450,2026-07-27 16:00:00.235978+00
3c007096-5158-40e1-94a5-879d36faa570,fabee082-6ae6-4254-a264-30ca77bc94ab,7.0,10,8,0,8.300,2026-07-27 16:00:00.235978+00
37797f89-45fa-4a2d-bafe-a7d004e4dc15,3ae65d23-d087-4503-977d-a430f9672775,7.0,10,10,0,8.800,2026-07-27 16:00:00.235978+00
5994ae23-3f29-4ddf-afd1-3eb66089a58c,98f2a592-62df-4e51-87c3-2174dbdd883e,7.0,9,10,0,8.450,2026-07-25 15:00:00.230372+00
04ae8c6f-87e1-45f9-ab92-d3a65cccc2ca,c6d5f839-9d64-4d81-9225-2e0c2d6700ef,7.0,9,10,0,8.450,2026-07-25 15:00:00.230372+00
3381bb5b-0227-44a4-8a87-debdf0b33380,c6d5f839-9d64-4d81-9225-2e0c2d6700ef,7.0,9,10,0,8.450,2026-07-28 02:00:00.245033+00
8697924d-43f6-4d57-8af7-13c9664b5c4c,fabee082-6ae6-4254-a264-30ca77bc94ab,7.0,10,8,0,8.300,2026-07-28 02:00:00.245033+00
f009888e-3a53-46fb-85ee-96c85fd9acfc,3ae65d23-d087-4503-977d-a430f9672775,7.0,10,10,0,8.800,2026-07-28 02:00:00.245033+00
bcc896bb-02a6-4f60-b1cc-0972b445a366,98f2a592-62df-4e51-87c3-2174dbdd883e,7.0,9,10,0,8.450,2026-07-28 02:00:00.245033+00
234ac64d-bf36-47dc-a65f-b44343e1d03e,98f2a592-62df-4e51-87c3-2174dbdd883e,7.0,9,10,0,8.450,2026-07-23 09:00:00.254461+00
dc9d60e0-b123-456e-a67c-4a8ed6fdd647,c6d5f839-9d64-4d81-9225-2e0c2d6700ef,7.0,9,10,0,8.450,2026-07-23 09:00:00.254461+00
d27ef1b0-f6dc-4910-bc40-fa2a551482d2,fabee082-6ae6-4254-a264-30ca77bc94ab,7.0,10,8,0,8.300,2026-07-23 09:00:00.254461+00
60c10a87-2e7f-4ea7-b4fe-ff652e0ce2c2,3ae65d23-d087-4503-977d-a430f9672775,7.0,10,10,0,8.800,2026-07-23 09:00:00.254461+00
8c954743-d82e-4e60-b6d1-54cd986ac28d,3ae65d23-d087-4503-977d-a430f9672775,7.0,10,10,0,8.800,2026-07-28 12:00:00.274761+00
82e078dc-24fc-4ffe-a365-3dd2c0f03f1f,98f2a592-62df-4e51-87c3-2174dbdd883e,7.0,9,10,0,8.450,2026-07-28 12:00:00.274761+00
938f0c8d-c5ab-4f5e-a3fc-3d6fc36df8de,c6d5f839-9d64-4d81-9225-2e0c2d6700ef,7.0,9,10,0,8.450,2026-07-28 12:00:00.274761+00
5fb559e7-adc6-4c15-a2d5-29c72b8596da,fabee082-6ae6-4254-a264-30ca77bc94ab,7.0,10,8,0,8.300,2026-07-28 12:00:00.274761+00
3c743bd6-03c3-4897-9b52-b47f3483a63f,3ae65d23-d087-4503-977d-a430f9672775,7.0,10,10,0,8.800,2026-07-22 02:00:00.263733+00
6780113a-4276-41ab-93f0-288f8790de98,c6d5f839-9d64-4d81-9225-2e0c2d6700ef,7.0,9,10,0,8.450,2026-07-22 02:00:00.263733+00
934fa885-c6b7-48e8-88ba-2ccf6192e0ff,fabee082-6ae6-4254-a264-30ca77bc94ab,7.0,10,8,0,8.300,2026-07-22 02:00:00.263733+00
36c45475-9153-43c5-b9bd-ed934f09bff6,3ae65d23-d087-4503-977d-a430f9672775,7.0,10,10,0,8.800,2026-07-22 12:00:00.258804+00
948451d8-480b-4263-bd8c-f708fe9214af,c6d5f839-9d64-4d81-9225-2e0c2d6700ef,7.0,9,10,0,8.450,2026-07-22 12:00:00.258804+00
1a40a63a-5942-479c-bfef-1c5c2e6cae2a,fabee082-6ae6-4254-a264-30ca77bc94ab,7.0,10,8,0,8.300,2026-07-22 12:00:00.258804+00
1e2fb86e-fee1-4ee4-b395-14b0cff6b181,c6d5f839-9d64-4d81-9225-2e0c2d6700ef,7.0,9,10,0,8.450,2026-07-23 19:00:00.260516+00
5664d8b7-b7ac-4c96-82fb-9648611681ab,fabee082-6ae6-4254-a264-30ca77bc94ab,7.0,10,8,0,8.300,2026-07-23 19:00:00.260516+00
1e19a1b6-b6e7-42e4-b324-8d27cff44d4d,3ae65d23-d087-4503-977d-a430f9672775,7.0,10,10,0,8.800,2026-07-23 19:00:00.260516+00
d04c4a5e-b810-47a8-a001-bdc0c10945b3,98f2a592-62df-4e51-87c3-2174dbdd883e,7.0,9,10,0,8.450,2026-07-23 19:00:00.260516+00
08cee0e2-dee3-4a0e-bf15-21b84515b059,3ae65d23-d087-4503-977d-a430f9672775,7.0,10,10,0,8.800,2026-07-24 05:00:00.249274+00
64441773-116a-4ac2-bc04-5fea73d1d6b9,98f2a592-62df-4e51-87c3-2174dbdd883e,7.0,9,10,0,8.450,2026-07-24 05:00:00.249274+00
019c984f-238d-4b82-876c-0269799c3daf,c6d5f839-9d64-4d81-9225-2e0c2d6700ef,7.0,9,10,0,8.450,2026-07-24 05:00:00.249274+00
dffe5216-bee7-4e5e-b16a-dd4d4a6fa7d4,fabee082-6ae6-4254-a264-30ca77bc94ab,7.0,10,8,0,8.300,2026-07-24 05:00:00.249274+00
7fe37ae0-00e3-4897-8a80-9cfcacd2007f,fabee082-6ae6-4254-a264-30ca77bc94ab,7.0,10,8,0,8.300,2026-07-25 15:00:00.230372+00
2438a182-3a91-4caf-a3eb-20fc5fd00563,3ae65d23-d087-4503-977d-a430f9672775,7.0,10,10,0,8.800,2026-07-25 15:00:00.230372+00
bd5f0f7b-8b36-49a1-8643-222bc4541c56,c6d5f839-9d64-4d81-9225-2e0c2d6700ef,7.0,9,10,0,8.450,2026-07-26 01:00:00.253139+00
2f05c800-bd15-4888-9b3f-f24e8e79ff42,fabee082-6ae6-4254-a264-30ca77bc94ab,7.0,10,8,0,8.300,2026-07-26 01:00:00.253139+00
c3f7f680-a96e-4bef-a37e-616d838f94ab,3ae65d23-d087-4503-977d-a430f9672775,7.0,10,10,0,8.800,2026-07-26 01:00:00.253139+00
68b3ad73-4e1b-45ec-afe3-5b0281de3f97,98f2a592-62df-4e51-87c3-2174dbdd883e,7.0,9,10,0,8.450,2026-07-26 01:00:00.253139+00
907bea07-e12a-42fc-8546-39d1573dafe3,3ae65d23-d087-4503-977d-a430f9672775,7.0,10,10,0,8.800,2026-07-26 11:00:00.248443+00
fac07b78-5134-4932-b89c-44ff0a27601c,98f2a592-62df-4e51-87c3-2174dbdd883e,7.0,9,10,0,8.450,2026-07-26 11:00:00.248443+00
15e054ff-cbe5-4793-9cab-0c8bef8fc81d,c6d5f839-9d64-4d81-9225-2e0c2d6700ef,7.0,9,10,0,8.450,2026-07-26 11:00:00.248443+00
dd1509e9-2819-46da-9285-d32150658530,fabee082-6ae6-4254-a264-30ca77bc94ab,7.0,10,8,0,8.300,2026-07-26 11:00:00.248443+00
b0f3e335-628d-4d80-b7ac-984c2fe8a64d,c6d5f839-9d64-4d81-9225-2e0c2d6700ef,7.0,9,10,0,8.450,2026-07-22 20:00:00.236768+00
94eb078c-5350-4958-8f6e-4456f0b8b4bd,fabee082-6ae6-4254-a264-30ca77bc94ab,7.0,10,8,0,8.300,2026-07-22 20:00:00.236768+00
9fd90f58-8fc5-43d2-b5a0-d250f4654aa4,3ae65d23-d087-4503-977d-a430f9672775,7.0,10,10,0,8.800,2026-07-22 20:00:00.236768+00
98db16ac-4892-419f-a7ab-af3629e6b58c,98f2a592-62df-4e51-87c3-2174dbdd883e,7.0,9,10,0,8.450,2026-07-24 15:00:00.244707+00
d3890d16-97e0-405e-8c14-b6bc2e226604,c6d5f839-9d64-4d81-9225-2e0c2d6700ef,7.0,9,10,0,8.450,2026-07-24 15:00:00.244707+00
e60758c2-1059-4d17-bbad-911d5343f308,fabee082-6ae6-4254-a264-30ca77bc94ab,7.0,10,8,0,8.300,2026-07-24 15:00:00.244707+00
afef6082-5871-4642-b2c4-917b0b00c297,98f2a592-62df-4e51-87c3-2174dbdd883e,7.0,9,10,0,8.450,2026-07-26 21:00:00.256002+00
c8d902e7-82cb-4abe-ae2a-09e471cd83c9,c6d5f839-9d64-4d81-9225-2e0c2d6700ef,7.0,9,10,0,8.450,2026-07-26 21:00:00.256002+00
6824b88e-df62-4197-9bd7-7ab326617808,fabee082-6ae6-4254-a264-30ca77bc94ab,7.0,10,8,0,8.300,2026-07-26 21:00:00.256002+00
bd0fd4ca-b7a5-483d-a384-ec295c70411c,98f2a592-62df-4e51-87c3-2174dbdd883e,7.0,9,10,0,8.450,2026-07-22 20:00:00.236768+00
66528240-8282-4412-ac38-6d9640edac06,3ae65d23-d087-4503-977d-a430f9672775,7.0,10,10,0,8.800,2026-07-23 06:00:00.251483+00
fd3abeff-a400-43d9-b816-4cbb546ff52e,98f2a592-62df-4e51-87c3-2174dbdd883e,7.0,9,10,0,8.450,2026-07-23 06:00:00.251483+00
8d8af8f1-6575-4575-8640-c91809d9c213,3ae65d23-d087-4503-977d-a430f9672775,7.0,10,10,0,8.800,2026-07-26 21:00:00.256002+00
34375811-9e68-49a4-b4ae-298274e5b3b6,c6d5f839-9d64-4d81-9225-2e0c2d6700ef,7.0,9,10,0,8.450,2026-07-27 07:00:00.259771+00
b6a7edc2-9891-4e3a-962a-93996b430d5a,fabee082-6ae6-4254-a264-30ca77bc94ab,7.0,10,8,0,8.300,2026-07-27 07:00:00.259771+00
1e1ec7b0-e3cc-4346-a790-1453f19b7e40,c6d5f839-9d64-4d81-9225-2e0c2d6700ef,7.0,9,10,0,8.450,2026-07-23 06:00:00.251483+00
8d146bbf-cedc-4d29-bb88-867a7713dc04,fabee082-6ae6-4254-a264-30ca77bc94ab,7.0,10,8,0,8.300,2026-07-23 06:00:00.251483+00
f18a1acd-e12d-4be6-8587-1ef36c6af073,3ae65d23-d087-4503-977d-a430f9672775,7.0,10,10,0,8.800,2026-07-24 15:00:00.244707+00
58bf3386-2c94-4d50-9919-04474db044a4,c6d5f839-9d64-4d81-9225-2e0c2d6700ef,7.0,9,10,0,8.450,2026-07-25 01:00:00.256878+00
42920222-07d2-4fbb-895d-1f6f4b060e51,fabee082-6ae6-4254-a264-30ca77bc94ab,7.0,10,8,0,8.300,2026-07-25 01:00:00.256878+00
a74d1618-03f1-4416-978f-371df1f9f9a5,3ae65d23-d087-4503-977d-a430f9672775,7.0,10,10,0,8.800,2026-07-25 01:00:00.256878+00
916315db-a19f-41a9-80c2-727b205bca43,98f2a592-62df-4e51-87c3-2174dbdd883e,7.0,9,10,0,8.450,2026-07-25 01:00:00.256878+00
569c8156-0d9f-426c-ab2d-983800fc87f4,3ae65d23-d087-4503-977d-a430f9672775,7.0,10,10,0,8.800,2026-07-25 11:00:00.278041+00
cfd0590c-58af-43cd-83a5-c59fcb193af7,98f2a592-62df-4e51-87c3-2174dbdd883e,7.0,9,10,0,8.450,2026-07-25 11:00:00.278041+00
430cfcbc-51f4-461d-9726-503cf4ce8416,c6d5f839-9d64-4d81-9225-2e0c2d6700ef,7.0,9,10,0,8.450,2026-07-25 11:00:00.278041+00
c385c941-a8ac-4e2a-93e9-b4cbb073abb9,fabee082-6ae6-4254-a264-30ca77bc94ab,7.0,10,8,0,8.300,2026-07-25 11:00:00.278041+00
03db73eb-7904-4a93-97e5-baa5d0d5dbe1,3ae65d23-d087-4503-977d-a430f9672775,7.0,10,10,0,8.800,2026-07-27 07:00:00.259771+00
bb3f1288-fbd1-4f2f-a0eb-77961ad2cbc1,98f2a592-62df-4e51-87c3-2174dbdd883e,7.0,9,10,0,8.450,2026-07-27 07:00:00.259771+00
2a75a8a0-9778-4b99-94a1-b6ff260a44e9,3ae65d23-d087-4503-977d-a430f9672775,7.0,10,10,0,8.800,2026-07-27 17:00:00.243106+00
04e73e2e-822d-46a5-81c2-1945b364af3c,98f2a592-62df-4e51-87c3-2174dbdd883e,7.0,9,10,0,8.450,2026-07-27 17:00:00.243106+00
6c81f754-d429-4eb8-aea4-41993dd5ab23,c6d5f839-9d64-4d81-9225-2e0c2d6700ef,7.0,9,10,0,8.450,2026-07-27 17:00:00.243106+00
2a7a493e-d7a8-4882-a3cf-2b352972ac60,fabee082-6ae6-4254-a264-30ca77bc94ab,7.0,10,8,0,8.300,2026-07-27 17:00:00.243106+00
04753062-1be0-42d3-94cc-59c767c6b151,98f2a592-62df-4e51-87c3-2174dbdd883e,7.0,9,10,0,8.450,2026-07-28 03:00:00.252793+00
618747b5-26b3-43ba-b5a3-3b3e5b9ea4a1,c6d5f839-9d64-4d81-9225-2e0c2d6700ef,7.0,9,10,0,8.450,2026-07-28 03:00:00.252793+00
de2bba92-5314-4897-b152-072d62023500,fabee082-6ae6-4254-a264-30ca77bc94ab,7.0,10,8,0,8.300,2026-07-28 03:00:00.252793+00
36e58c14-b5eb-4e0c-88db-72b7c8306182,3ae65d23-d087-4503-977d-a430f9672775,7.0,10,10,0,8.800,2026-07-28 03:00:00.252793+00
a9b8c5eb-1a49-440d-954d-cf1fdf29651b,c6d5f839-9d64-4d81-9225-2e0c2d6700ef,7.0,9,10,0,8.450,2026-07-28 13:00:00.259737+00
177a991c-ed52-406b-82df-d7cb6595255e,fabee082-6ae6-4254-a264-30ca77bc94ab,7.0,10,8,0,8.300,2026-07-28 13:00:00.259737+00
79ffe314-9508-4e06-8e2d-90f113fa3c4f,3ae65d23-d087-4503-977d-a430f9672775,7.0,10,10,0,8.800,2026-07-28 13:00:00.259737+00
ad2ab983-4a85-4baa-8f77-65853104e94c,98f2a592-62df-4e51-87c3-2174dbdd883e,7.0,9,10,0,8.450,2026-07-28 13:00:00.259737+00
c99af63f-7cd9-4dea-9ec9-90141444ee9a,3ae65d23-d087-4503-977d-a430f9672775,7.0,10,10,0,8.800,2026-07-22 03:00:00.252163+00
f2880265-99c1-49f5-bd6f-368a39d4d479,c6d5f839-9d64-4d81-9225-2e0c2d6700ef,7.0,9,10,0,8.450,2026-07-22 03:00:00.252163+00
64bd1210-eb18-4bc3-b6cb-9c2e1d4e4f75,fabee082-6ae6-4254-a264-30ca77bc94ab,7.0,10,8,0,8.300,2026-07-22 03:00:00.252163+00
9278063f-633a-4e2a-b2bb-f5d54a45a014,3ae65d23-d087-4503-977d-a430f9672775,7.0,10,10,0,8.800,2026-07-22 13:00:00.252818+00
4859a09f-9438-46d8-ba5e-c1736ae5a3dc,c6d5f839-9d64-4d81-9225-2e0c2d6700ef,7.0,9,10,0,8.450,2026-07-22 13:00:00.252818+00
1df7e005-a537-4aa1-a6f5-09627230f327,fabee082-6ae6-4254-a264-30ca77bc94ab,7.0,10,8,0,8.300,2026-07-22 13:00:00.252818+00
be9f7f0a-bbed-4377-b42c-80889e0e67ff,98f2a592-62df-4e51-87c3-2174dbdd883e,7.0,9,10,0,8.450,2026-07-23 10:00:00.243717+00
ae841c4d-9a35-4ec1-936a-b37b7e4602f0,c6d5f839-9d64-4d81-9225-2e0c2d6700ef,7.0,9,10,0,8.450,2026-07-23 10:00:00.243717+00
12b93199-acb8-4eb5-b70d-b30fdadc9254,fabee082-6ae6-4254-a264-30ca77bc94ab,7.0,10,8,0,8.300,2026-07-23 10:00:00.243717+00
f746ae10-6d7e-47c1-a123-114449de87ea,3ae65d23-d087-4503-977d-a430f9672775,7.0,10,10,0,8.800,2026-07-23 10:00:00.243717+00
eaa1fe6c-6af4-4fd4-99d2-6ab2b9e5ce59,c6d5f839-9d64-4d81-9225-2e0c2d6700ef,7.0,9,10,0,8.450,2026-07-23 20:00:00.243964+00
732372eb-aad3-4004-a670-b04e2b23b119,fabee082-6ae6-4254-a264-30ca77bc94ab,7.0,10,8,0,8.300,2026-07-23 20:00:00.243964+00
656660ba-531e-4d9d-bc34-04685da7df70,3ae65d23-d087-4503-977d-a430f9672775,7.0,10,10,0,8.800,2026-07-23 20:00:00.243964+00
d2b8b967-2c22-4b56-8d55-1dc97885832a,98f2a592-62df-4e51-87c3-2174dbdd883e,7.0,9,10,0,8.450,2026-07-23 20:00:00.243964+00
b513cb48-e92c-4b38-9a38-25d60432b0a8,3ae65d23-d087-4503-977d-a430f9672775,7.0,10,10,0,8.800,2026-07-24 06:00:00.262141+00
0bc3da96-64b5-4a1c-b762-410fc35ad4f9,98f2a592-62df-4e51-87c3-2174dbdd883e,7.0,9,10,0,8.450,2026-07-24 06:00:00.262141+00
9c85bc22-eb6e-4382-a403-bf31c57c1aa5,c6d5f839-9d64-4d81-9225-2e0c2d6700ef,7.0,9,10,0,8.450,2026-07-24 06:00:00.262141+00
41bd0aff-a05c-40ac-84fc-cb3fd53054e0,fabee082-6ae6-4254-a264-30ca77bc94ab,7.0,10,8,0,8.300,2026-07-24 06:00:00.262141+00
19c52d2d-308e-457c-a6d4-f9fe1f8d1986,98f2a592-62df-4e51-87c3-2174dbdd883e,7.0,9,10,0,8.450,2026-07-25 16:00:00.259419+00
d498d667-84a7-4472-ad0c-843206fe99ec,c6d5f839-9d64-4d81-9225-2e0c2d6700ef,7.0,9,10,0,8.450,2026-07-25 16:00:00.259419+00
90e43a6f-d5d4-4e55-9c61-38c7ebb22af7,fabee082-6ae6-4254-a264-30ca77bc94ab,7.0,10,8,0,8.300,2026-07-25 16:00:00.259419+00
683f78df-648a-4b70-b43b-a466e7b471d4,3ae65d23-d087-4503-977d-a430f9672775,7.0,10,10,0,8.800,2026-07-25 16:00:00.259419+00
954de8ab-0e65-4ca4-97f4-0da41a0b8809,c6d5f839-9d64-4d81-9225-2e0c2d6700ef,7.0,9,10,0,8.450,2026-07-26 02:00:00.24149+00
5a5bb005-5860-4f28-8bcb-db51c0d1e674,fabee082-6ae6-4254-a264-30ca77bc94ab,7.0,10,8,0,8.300,2026-07-26 02:00:00.24149+00
75107db0-8b01-49ec-b3db-885d24ef1da8,3ae65d23-d087-4503-977d-a430f9672775,7.0,10,10,0,8.800,2026-07-26 02:00:00.24149+00
0f4a85e3-4e76-4bee-bac3-793e7f640282,98f2a592-62df-4e51-87c3-2174dbdd883e,7.0,9,10,0,8.450,2026-07-26 02:00:00.24149+00
db179e73-f6c3-4922-ae8a-b1dd81bfb450,3ae65d23-d087-4503-977d-a430f9672775,7.0,10,10,0,8.800,2026-07-26 12:00:00.284558+00
0a6d34bd-741f-43f3-9b3f-d4196cffd84b,98f2a592-62df-4e51-87c3-2174dbdd883e,7.0,9,10,0,8.450,2026-07-26 12:00:00.284558+00
53aac446-23bb-41e2-8a31-0d1ac75aa0ec,c6d5f839-9d64-4d81-9225-2e0c2d6700ef,7.0,9,10,0,8.450,2026-07-26 12:00:00.284558+00
cc85a734-1e50-4371-a139-b6b5123a71f8,fabee082-6ae6-4254-a264-30ca77bc94ab,7.0,10,8,0,8.300,2026-07-26 12:00:00.284558+00
84efba15-ca17-414c-9805-8e63acb1cdcc,98f2a592-62df-4e51-87c3-2174dbdd883e,7.0,9,10,0,8.450,2026-07-22 21:00:00.247827+00
b93daac3-ae1e-4611-bdf8-0a68ae7ed288,c6d5f839-9d64-4d81-9225-2e0c2d6700ef,7.0,9,10,0,8.450,2026-07-22 21:00:00.247827+00
5f376b37-467f-4a7f-b2df-ddcd32ff61fb,fabee082-6ae6-4254-a264-30ca77bc94ab,7.0,10,8,0,8.300,2026-07-22 21:00:00.247827+00
f01e4921-ddc1-45f5-92ae-f7479d96b459,98f2a592-62df-4e51-87c3-2174dbdd883e,7.0,9,10,0,8.450,2026-07-24 16:00:00.257268+00
a431804c-c38a-40c9-a718-ec428e425c5e,c6d5f839-9d64-4d81-9225-2e0c2d6700ef,7.0,9,10,0,8.450,2026-07-24 16:00:00.257268+00
cc9b07ee-544f-4c88-a308-8b1d4542766d,fabee082-6ae6-4254-a264-30ca77bc94ab,7.0,10,8,0,8.300,2026-07-24 16:00:00.257268+00
92e4b69a-2f5c-414a-87bc-af4ded1e497d,98f2a592-62df-4e51-87c3-2174dbdd883e,7.0,9,10,0,8.450,2026-07-26 22:00:00.247847+00
e4d70688-cd40-46bd-bc03-64036595b559,c6d5f839-9d64-4d81-9225-2e0c2d6700ef,7.0,9,10,0,8.450,2026-07-26 22:00:00.247847+00
268521ec-69d2-4674-8ea4-24b683205235,fabee082-6ae6-4254-a264-30ca77bc94ab,7.0,10,8,0,8.300,2026-07-26 22:00:00.247847+00
576a62d3-a5eb-4c38-9f20-590ec0143128,3ae65d23-d087-4503-977d-a430f9672775,7.0,10,10,0,8.800,2026-07-22 21:00:00.247827+00
407bc300-a372-45ea-af77-7a40a3d9e438,c6d5f839-9d64-4d81-9225-2e0c2d6700ef,7.0,9,10,0,8.450,2026-07-23 07:00:00.223681+00
fdc80dfa-6f21-4eb8-b513-dc8e1d85eda6,fabee082-6ae6-4254-a264-30ca77bc94ab,7.0,10,8,0,8.300,2026-07-23 07:00:00.223681+00
550dcdb0-9586-475d-ae26-13aac52d14bd,3ae65d23-d087-4503-977d-a430f9672775,7.0,10,10,0,8.800,2026-07-23 07:00:00.223681+00
0418cd7f-9f60-4bb5-bd09-ffdfa972dc91,98f2a592-62df-4e51-87c3-2174dbdd883e,7.0,9,10,0,8.450,2026-07-23 07:00:00.223681+00
dee0404e-f006-4313-95c6-2ee726a0e86c,3ae65d23-d087-4503-977d-a430f9672775,7.0,10,10,0,8.800,2026-07-24 16:00:00.257268+00
8ad84800-4357-45af-8a07-9dafa151e18c,c6d5f839-9d64-4d81-9225-2e0c2d6700ef,7.0,9,10,0,8.450,2026-07-25 02:00:00.27065+00
3e1bbe1c-ada9-4deb-bab0-6792c29031ff,fabee082-6ae6-4254-a264-30ca77bc94ab,7.0,10,8,0,8.300,2026-07-25 02:00:00.27065+00
8c251bdc-5fce-4a04-babe-4f75824e08eb,3ae65d23-d087-4503-977d-a430f9672775,7.0,10,10,0,8.800,2026-07-25 02:00:00.27065+00
abd6965d-1c46-4224-851d-c7ef71279ac0,98f2a592-62df-4e51-87c3-2174dbdd883e,7.0,9,10,0,8.450,2026-07-25 02:00:00.27065+00
a2b4ea69-fcc3-45f7-b882-7a789d523a89,3ae65d23-d087-4503-977d-a430f9672775,7.0,10,10,0,8.800,2026-07-25 12:00:00.270367+00
8a657c09-c33c-42ca-923b-9c80a879b1ca,98f2a592-62df-4e51-87c3-2174dbdd883e,7.0,9,10,0,8.450,2026-07-25 12:00:00.270367+00
b9558ef0-124b-4951-b1dd-dae1c7adc516,c6d5f839-9d64-4d81-9225-2e0c2d6700ef,7.0,9,10,0,8.450,2026-07-25 12:00:00.270367+00
e5b4cce2-83fc-4f90-8244-735c2e42baae,fabee082-6ae6-4254-a264-30ca77bc94ab,7.0,10,8,0,8.300,2026-07-25 12:00:00.270367+00
ad07b683-f644-4c5c-96c2-76fd368b12c9,3ae65d23-d087-4503-977d-a430f9672775,7.0,10,10,0,8.800,2026-07-26 22:00:00.247847+00
8afee217-3907-4de4-84b0-6ec808d45b1e,c6d5f839-9d64-4d81-9225-2e0c2d6700ef,7.0,9,10,0,8.450,2026-07-27 08:00:00.250081+00
e0e2ec5f-440b-4a18-ae1e-5e8e2f5bb9e5,fabee082-6ae6-4254-a264-30ca77bc94ab,7.0,10,8,0,8.300,2026-07-27 08:00:00.250081+00
6f3e693f-aff3-499f-84d3-5b0581d26250,3ae65d23-d087-4503-977d-a430f9672775,7.0,10,10,0,8.800,2026-07-27 08:00:00.250081+00
e20d8a86-b2d8-4b2a-97e7-06a205f0ac69,98f2a592-62df-4e51-87c3-2174dbdd883e,7.0,9,10,0,8.450,2026-07-27 08:00:00.250081+00
dfd90a75-5af1-4dad-8afd-3953670d320f,3ae65d23-d087-4503-977d-a430f9672775,7.0,10,10,0,8.800,2026-07-27 18:00:00.269482+00
d7a4353f-2065-4737-a495-54fd82251e44,98f2a592-62df-4e51-87c3-2174dbdd883e,7.0,9,10,0,8.450,2026-07-27 18:00:00.269482+00
5994b90e-5630-4324-b1cf-6ba89cbe3f03,c6d5f839-9d64-4d81-9225-2e0c2d6700ef,7.0,9,10,0,8.450,2026-07-27 18:00:00.269482+00
9bbdce11-b830-4416-b35f-95256e204664,fabee082-6ae6-4254-a264-30ca77bc94ab,7.0,10,8,0,8.300,2026-07-27 18:00:00.269482+00
fd55b494-d843-47a8-8554-9a5ebf78f851,3ae65d23-d087-4503-977d-a430f9672775,7.0,10,10,0,8.800,2026-07-25 17:00:00.232247+00
b1e4f093-6425-4066-ba9c-c335814841ff,98f2a592-62df-4e51-87c3-2174dbdd883e,7.0,9,10,0,8.450,2026-07-25 17:00:00.232247+00
427247c3-b0f8-47b0-8443-157294f700ca,98f2a592-62df-4e51-87c3-2174dbdd883e,7.0,9,10,0,8.450,2026-07-28 04:00:00.24465+00
bc7f0bf8-167c-42d8-8042-a67311598729,c6d5f839-9d64-4d81-9225-2e0c2d6700ef,7.0,9,10,0,8.450,2026-07-28 04:00:00.24465+00
5fe226a1-ea8f-454c-b6f7-16d42b209efa,c6d5f839-9d64-4d81-9225-2e0c2d6700ef,7.0,9,10,0,8.450,2026-07-25 17:00:00.232247+00
8e0bb11d-f4a7-44bf-9635-7479a2b186ef,fabee082-6ae6-4254-a264-30ca77bc94ab,7.0,10,8,0,8.300,2026-07-25 17:00:00.232247+00
c7f7eff0-ccd4-49da-8b28-3f2ef44fa7c3,fabee082-6ae6-4254-a264-30ca77bc94ab,7.0,10,8,0,8.300,2026-07-28 04:00:00.24465+00
03026c5b-fed5-41dd-b716-08ca49074e94,3ae65d23-d087-4503-977d-a430f9672775,7.0,10,10,0,8.800,2026-07-28 04:00:00.24465+00
e0cc7f80-8e64-4b36-8a01-21609e530181,c6d5f839-9d64-4d81-9225-2e0c2d6700ef,7.0,9,10,0,8.450,2026-07-28 14:00:00.243562+00
03a894a4-9118-4062-b06d-9a16d06bf992,fabee082-6ae6-4254-a264-30ca77bc94ab,7.0,10,8,0,8.300,2026-07-28 14:00:00.243562+00
2565d9a2-c479-41ee-bb2a-d253102a287b,3ae65d23-d087-4503-977d-a430f9672775,7.0,10,10,0,8.800,2026-07-28 14:00:00.243562+00
1ddef766-5610-447c-8280-e59d56034e8d,98f2a592-62df-4e51-87c3-2174dbdd883e,7.0,9,10,0,8.450,2026-07-28 14:00:00.243562+00
d2577a5b-72bb-4e84-8bd3-07dd52f7dedd,3ae65d23-d087-4503-977d-a430f9672775,7.0,10,10,0,8.800,2026-07-22 04:00:00.249995+00
568ea0d6-dd6b-414c-bb8e-d2476816bc8e,c6d5f839-9d64-4d81-9225-2e0c2d6700ef,7.0,9,10,0,8.450,2026-07-22 04:00:00.249995+00
773a6d52-eca0-4ace-bff5-576fef3a38a5,fabee082-6ae6-4254-a264-30ca77bc94ab,7.0,10,8,0,8.300,2026-07-22 04:00:00.249995+00
f621d56b-6552-43c1-b56d-622f45a767fd,fabee082-6ae6-4254-a264-30ca77bc94ab,7.0,10,8,0,8.300,2026-07-22 14:00:00.257142+00
2b873537-7883-4795-a2a9-45802f27898e,3ae65d23-d087-4503-977d-a430f9672775,7.0,10,10,0,8.800,2026-07-22 14:00:00.257142+00
fbcc549f-16e0-4d3f-ab15-d7d9ec0d2cb1,c6d5f839-9d64-4d81-9225-2e0c2d6700ef,7.0,9,10,0,8.450,2026-07-22 14:00:00.257142+00
24aa540e-76ff-4528-9cc6-f5741e3c64b9,3ae65d23-d087-4503-977d-a430f9672775,7.0,10,10,0,8.800,2026-07-23 11:00:00.252683+00
ce060f5a-cc97-4cc7-b4eb-7bec4be0bb9d,98f2a592-62df-4e51-87c3-2174dbdd883e,7.0,9,10,0,8.450,2026-07-23 11:00:00.252683+00
697e35b9-cfcc-43e0-8658-ce71a733ee00,c6d5f839-9d64-4d81-9225-2e0c2d6700ef,7.0,9,10,0,8.450,2026-07-23 11:00:00.252683+00
c8c2e919-4805-40c3-8c78-db1d7fc42fd3,fabee082-6ae6-4254-a264-30ca77bc94ab,7.0,10,8,0,8.300,2026-07-23 11:00:00.252683+00
d2af447a-f637-4040-bc47-c80011e95c3b,98f2a592-62df-4e51-87c3-2174dbdd883e,7.0,9,10,0,8.450,2026-07-23 21:00:00.259801+00
d606dd32-3678-4b9e-ae65-272c61e67b5f,c6d5f839-9d64-4d81-9225-2e0c2d6700ef,7.0,9,10,0,8.450,2026-07-23 21:00:00.259801+00
b6f0a64a-e38b-4040-a1f7-3f66743acedd,fabee082-6ae6-4254-a264-30ca77bc94ab,7.0,10,8,0,8.300,2026-07-23 21:00:00.259801+00
c67e648d-2cc9-48f4-bdd1-e28c78a7cffc,3ae65d23-d087-4503-977d-a430f9672775,7.0,10,10,0,8.800,2026-07-23 21:00:00.259801+00
5944c22c-2754-4b9d-b8d5-6a568aa32bcf,c6d5f839-9d64-4d81-9225-2e0c2d6700ef,7.0,9,10,0,8.450,2026-07-24 07:00:00.211655+00
e44d18c1-2dce-428d-a1ff-36d072ec3799,fabee082-6ae6-4254-a264-30ca77bc94ab,7.0,10,8,0,8.300,2026-07-24 07:00:00.211655+00
5f851051-e0c6-4aaa-9004-40163b61236f,3ae65d23-d087-4503-977d-a430f9672775,7.0,10,10,0,8.800,2026-07-24 07:00:00.211655+00
132fb228-8150-46f8-a71d-3c0e6c2ccb6b,98f2a592-62df-4e51-87c3-2174dbdd883e,7.0,9,10,0,8.450,2026-07-24 07:00:00.211655+00
69ffbdd5-7674-43c9-9e22-9a547f22fbfc,98f2a592-62df-4e51-87c3-2174dbdd883e,7.0,9,10,0,8.450,2026-07-26 03:00:00.269149+00
00a10a12-e679-47e8-88e6-d6e6f0bae0c0,c6d5f839-9d64-4d81-9225-2e0c2d6700ef,7.0,9,10,0,8.450,2026-07-26 03:00:00.269149+00
196f493d-52ec-456e-8566-d0046ae6044c,fabee082-6ae6-4254-a264-30ca77bc94ab,7.0,10,8,0,8.300,2026-07-26 03:00:00.269149+00
b8f63c9a-ab11-4dc9-9f43-6409dad8b5f8,3ae65d23-d087-4503-977d-a430f9672775,7.0,10,10,0,8.800,2026-07-26 03:00:00.269149+00
c4076084-ac31-488a-aa80-10caf0dc3b2d,c6d5f839-9d64-4d81-9225-2e0c2d6700ef,7.0,9,10,0,8.450,2026-07-26 13:00:00.280791+00
85d024e9-ba7e-4513-9f99-7936fd2be15b,fabee082-6ae6-4254-a264-30ca77bc94ab,7.0,10,8,0,8.300,2026-07-26 13:00:00.280791+00
6b1bed54-4317-4d2e-bc9b-4ec60a8927bb,3ae65d23-d087-4503-977d-a430f9672775,7.0,10,10,0,8.800,2026-07-26 13:00:00.280791+00
5bf17763-9761-4771-9c9c-441ed3519750,98f2a592-62df-4e51-87c3-2174dbdd883e,7.0,9,10,0,8.450,2026-07-26 13:00:00.280791+00
a759a35d-acf6-4dc1-9eb8-263a7b5b3fd4,98f2a592-62df-4e51-87c3-2174dbdd883e,7.0,9,10,0,8.450,2026-07-22 22:00:00.232386+00
6f6aed3f-acf9-42fb-adf4-43aaf6ef0065,c6d5f839-9d64-4d81-9225-2e0c2d6700ef,7.0,9,10,0,8.450,2026-07-22 22:00:00.232386+00
09f4d1d4-dd4b-48d3-9ea4-32f4c9a0d46b,fabee082-6ae6-4254-a264-30ca77bc94ab,7.0,10,8,0,8.300,2026-07-22 22:00:00.232386+00
d0227d61-08f5-4424-b92a-55f959a1b74d,3ae65d23-d087-4503-977d-a430f9672775,7.0,10,10,0,8.800,2026-07-24 17:00:00.249999+00
bda312c2-1f50-4271-88a3-204db1829c59,98f2a592-62df-4e51-87c3-2174dbdd883e,7.0,9,10,0,8.450,2026-07-24 17:00:00.249999+00
205acb4e-3c53-4dcd-a509-ae246ed4a8cb,c6d5f839-9d64-4d81-9225-2e0c2d6700ef,7.0,9,10,0,8.450,2026-07-24 17:00:00.249999+00
e914011f-ddb6-4b3e-8bcf-4bf1cd5cb537,3ae65d23-d087-4503-977d-a430f9672775,7.0,10,10,0,8.800,2026-07-26 23:00:00.239204+00
f984c6c8-fda8-4768-802f-c34ded20e767,98f2a592-62df-4e51-87c3-2174dbdd883e,7.0,9,10,0,8.450,2026-07-26 23:00:00.239204+00
9611d012-b874-4422-9f44-b1c505f125b6,c6d5f839-9d64-4d81-9225-2e0c2d6700ef,7.0,9,10,0,8.450,2026-07-26 23:00:00.239204+00
a6590300-0367-41b0-957a-59377b343356,3ae65d23-d087-4503-977d-a430f9672775,7.0,10,10,0,8.800,2026-07-22 22:00:00.232386+00
2a739d63-c579-4787-a522-fec0d56ed88b,fabee082-6ae6-4254-a264-30ca77bc94ab,7.0,10,8,0,8.300,2026-07-24 17:00:00.249999+00
cc2ac7b7-6794-419f-a9ef-9cdac621b920,98f2a592-62df-4e51-87c3-2174dbdd883e,7.0,9,10,0,8.450,2026-07-25 03:00:00.235643+00
b154953e-97e8-45c1-9345-141f9e5828ef,c6d5f839-9d64-4d81-9225-2e0c2d6700ef,7.0,9,10,0,8.450,2026-07-25 03:00:00.235643+00
725b294a-977a-4df5-ac3a-4c085e1335f6,fabee082-6ae6-4254-a264-30ca77bc94ab,7.0,10,8,0,8.300,2026-07-25 03:00:00.235643+00
bfa56b00-cb58-4755-9aeb-f055bd7f9d74,3ae65d23-d087-4503-977d-a430f9672775,7.0,10,10,0,8.800,2026-07-25 03:00:00.235643+00
5fa339fa-56ed-4b97-8756-1fd02d33f8fe,c6d5f839-9d64-4d81-9225-2e0c2d6700ef,7.0,9,10,0,8.450,2026-07-25 13:00:00.255977+00
3c6502e7-06b3-4a6c-944b-599a416f18ef,fabee082-6ae6-4254-a264-30ca77bc94ab,7.0,10,8,0,8.300,2026-07-25 13:00:00.255977+00
606194e0-dd58-43be-a7d2-f7cf3a1b6017,3ae65d23-d087-4503-977d-a430f9672775,7.0,10,10,0,8.800,2026-07-25 13:00:00.255977+00
04597b84-abb0-4e01-b679-dc782c0f2797,98f2a592-62df-4e51-87c3-2174dbdd883e,7.0,9,10,0,8.450,2026-07-25 13:00:00.255977+00
59005d06-5355-44b8-970a-456aba702942,fabee082-6ae6-4254-a264-30ca77bc94ab,7.0,10,8,0,8.300,2026-07-26 23:00:00.239204+00
0f238575-64eb-4122-9eed-d0554b39ae4d,98f2a592-62df-4e51-87c3-2174dbdd883e,7.0,9,10,0,8.450,2026-07-27 09:00:00.252201+00
2b907572-08ca-4569-8e12-f1797aff927f,c6d5f839-9d64-4d81-9225-2e0c2d6700ef,7.0,9,10,0,8.450,2026-07-27 09:00:00.252201+00
58c9b52d-2b97-4e17-b486-2b981b6354cd,fabee082-6ae6-4254-a264-30ca77bc94ab,7.0,10,8,0,8.300,2026-07-27 09:00:00.252201+00
bad4b596-8333-43d8-adf8-af322b77e18a,3ae65d23-d087-4503-977d-a430f9672775,7.0,10,10,0,8.800,2026-07-27 09:00:00.252201+00
6c257517-62b8-4377-888c-1206128a0d76,c6d5f839-9d64-4d81-9225-2e0c2d6700ef,7.0,9,10,0,8.450,2026-07-27 19:00:00.256453+00
ad4c72e1-93d7-417e-9ae2-110d62888a2f,fabee082-6ae6-4254-a264-30ca77bc94ab,7.0,10,8,0,8.300,2026-07-27 19:00:00.256453+00
de4faaa9-5fc6-4653-b841-b042d396681d,3ae65d23-d087-4503-977d-a430f9672775,7.0,10,10,0,8.800,2026-07-27 19:00:00.256453+00
385f3d51-b66b-4b79-90ed-850a563f232a,98f2a592-62df-4e51-87c3-2174dbdd883e,7.0,9,10,0,8.450,2026-07-27 19:00:00.256453+00
e85fc95c-f54b-441e-8fc0-d1b4148dff0c,3ae65d23-d087-4503-977d-a430f9672775,7.0,10,10,0,8.800,2026-07-28 05:00:00.224201+00
45338a1f-a314-49da-b4d3-6b74ecbe35e0,98f2a592-62df-4e51-87c3-2174dbdd883e,7.0,9,10,0,8.450,2026-07-28 05:00:00.224201+00
7c5ddb53-e21c-4f8d-a7d6-9bb5a399d043,3ae65d23-d087-4503-977d-a430f9672775,7.0,10,10,0,8.800,2026-07-25 18:00:00.23549+00
78489ecc-a7f0-4cf1-88f3-86d6227cc8c8,98f2a592-62df-4e51-87c3-2174dbdd883e,7.0,9,10,0,8.450,2026-07-25 18:00:00.23549+00
dc395d79-326d-49f2-b45c-1fd2b8231b14,c6d5f839-9d64-4d81-9225-2e0c2d6700ef,7.0,9,10,0,8.450,2026-07-28 05:00:00.224201+00
63c57fea-b2a2-472d-8a92-4c91f69bde3e,fabee082-6ae6-4254-a264-30ca77bc94ab,7.0,10,8,0,8.300,2026-07-28 05:00:00.224201+00
4c4e1bb0-0710-4496-b1b9-a940befa07be,3ae65d23-d087-4503-977d-a430f9672775,7.0,10,10,0,8.800,2026-07-23 12:00:00.267828+00
afa45ce0-b770-4fcc-bb5f-ca207a6651b3,98f2a592-62df-4e51-87c3-2174dbdd883e,7.0,9,10,0,8.450,2026-07-23 12:00:00.267828+00
86c03575-5879-406a-8561-e28ad6f18c10,c6d5f839-9d64-4d81-9225-2e0c2d6700ef,7.0,9,10,0,8.450,2026-07-23 12:00:00.267828+00
1ccebe42-3dc0-444c-ab50-6fd9ee4a4a1f,fabee082-6ae6-4254-a264-30ca77bc94ab,7.0,10,8,0,8.300,2026-07-23 12:00:00.267828+00
d7b85107-9062-4a3b-ac0b-3f76c405df02,98f2a592-62df-4e51-87c3-2174dbdd883e,7.0,9,10,0,8.450,2026-07-23 22:00:00.250403+00
9781104c-4dbb-45c6-8991-2ba7b9cee16a,c6d5f839-9d64-4d81-9225-2e0c2d6700ef,7.0,9,10,0,8.450,2026-07-23 22:00:00.250403+00
a720a680-2e4e-44f2-b4a4-7c14140ebb65,fabee082-6ae6-4254-a264-30ca77bc94ab,7.0,10,8,0,8.300,2026-07-23 22:00:00.250403+00
915b4e03-df8f-4bdd-aef6-b095c885ea26,3ae65d23-d087-4503-977d-a430f9672775,7.0,10,10,0,8.800,2026-07-23 22:00:00.250403+00
5b787bfe-b411-40a3-809e-1d8dbb11f2a8,c6d5f839-9d64-4d81-9225-2e0c2d6700ef,7.0,9,10,0,8.450,2026-07-24 08:00:00.251256+00
8568fa49-2e4f-400c-b9b5-40f4d89db2f0,fabee082-6ae6-4254-a264-30ca77bc94ab,7.0,10,8,0,8.300,2026-07-24 08:00:00.251256+00
725a3510-e669-4d6e-9ce3-b8b65f3253c9,3ae65d23-d087-4503-977d-a430f9672775,7.0,10,10,0,8.800,2026-07-24 08:00:00.251256+00
4aa4c4ec-6460-4d99-9f2e-b44322fcddb2,98f2a592-62df-4e51-87c3-2174dbdd883e,7.0,9,10,0,8.450,2026-07-24 08:00:00.251256+00
ff9456e1-ee6a-4159-9e70-d0b5dec3343d,c6d5f839-9d64-4d81-9225-2e0c2d6700ef,7.0,9,10,0,8.450,2026-07-25 18:00:00.23549+00
539bdc31-5b75-402e-9291-59697d509bac,98f2a592-62df-4e51-87c3-2174dbdd883e,7.0,9,10,0,8.450,2026-07-28 15:00:00.224475+00
29885ac3-5535-4db3-832c-4a52f430a97f,c6d5f839-9d64-4d81-9225-2e0c2d6700ef,7.0,9,10,0,8.450,2026-07-28 15:00:00.224475+00
5c01bb52-aef5-444e-aa72-0dcf31ed58eb,fabee082-6ae6-4254-a264-30ca77bc94ab,7.0,10,8,0,8.300,2026-07-28 15:00:00.224475+00
a458f610-2826-49fb-92e6-a73454e68c34,3ae65d23-d087-4503-977d-a430f9672775,7.0,10,10,0,8.800,2026-07-28 15:00:00.224475+00
cf9a99f3-1c6d-4502-a178-f765af26ced5,fabee082-6ae6-4254-a264-30ca77bc94ab,7.0,10,8,0,8.300,2026-07-22 05:00:00.254701+00
206de2f0-bff4-409e-82a5-211c3664ab56,3ae65d23-d087-4503-977d-a430f9672775,7.0,10,10,0,8.800,2026-07-22 05:00:00.254701+00
6d66d95d-656d-4ca6-b93a-7d3f93cfeda8,c6d5f839-9d64-4d81-9225-2e0c2d6700ef,7.0,9,10,0,8.450,2026-07-22 05:00:00.254701+00
cb9dde07-90c5-4b00-bfec-efa0416c1d60,fabee082-6ae6-4254-a264-30ca77bc94ab,7.0,10,8,0,8.300,2026-07-22 15:00:00.251941+00
7a84ace2-6498-47dc-8b54-901dcdf5b9a5,3ae65d23-d087-4503-977d-a430f9672775,7.0,10,10,0,8.800,2026-07-22 15:00:00.251941+00
b1df5f4a-2375-4eb6-a38d-36d3548083fb,c6d5f839-9d64-4d81-9225-2e0c2d6700ef,7.0,9,10,0,8.450,2026-07-22 15:00:00.251941+00
b374a8fc-dea4-4fa4-b285-e4d672c61f6a,fabee082-6ae6-4254-a264-30ca77bc94ab,7.0,10,8,0,8.300,2026-07-25 18:00:00.23549+00
20d809df-ed01-4ebc-93f9-ae559494f616,98f2a592-62df-4e51-87c3-2174dbdd883e,7.0,9,10,0,8.450,2026-07-26 04:00:00.22545+00
1c13663d-1de7-4259-8c3b-ac4ee860e94c,c6d5f839-9d64-4d81-9225-2e0c2d6700ef,7.0,9,10,0,8.450,2026-07-26 04:00:00.22545+00
b7dad2d6-b238-4fec-b264-d064de8eb202,fabee082-6ae6-4254-a264-30ca77bc94ab,7.0,10,8,0,8.300,2026-07-26 04:00:00.22545+00
95f4d02c-b683-4dab-ac7b-52384096858a,3ae65d23-d087-4503-977d-a430f9672775,7.0,10,10,0,8.800,2026-07-26 04:00:00.22545+00
b5be937c-77f8-4b40-9663-c32b08f08e01,c6d5f839-9d64-4d81-9225-2e0c2d6700ef,7.0,9,10,0,8.450,2026-07-26 14:00:00.269044+00
f9a40d69-230b-4c42-b78b-ca176a1f10e1,fabee082-6ae6-4254-a264-30ca77bc94ab,7.0,10,8,0,8.300,2026-07-26 14:00:00.269044+00
40d8467c-723c-4c4d-a5dd-2fcd4b011111,3ae65d23-d087-4503-977d-a430f9672775,7.0,10,10,0,8.800,2026-07-26 14:00:00.269044+00
18bac17e-bd4c-4953-aea4-2acfc40af863,98f2a592-62df-4e51-87c3-2174dbdd883e,7.0,9,10,0,8.450,2026-07-26 14:00:00.269044+00
adeb4d31-3b19-4166-a7ef-f7ac54ea8cfa,3ae65d23-d087-4503-977d-a430f9672775,7.0,10,10,0,8.800,2026-07-22 23:00:00.252201+00
48103b9c-98fa-4efa-82bf-9a914c5e2f6d,98f2a592-62df-4e51-87c3-2174dbdd883e,7.0,9,10,0,8.450,2026-07-22 23:00:00.252201+00
c4ec83a2-1da4-4b5f-a8f2-a9fe1ff1b318,c6d5f839-9d64-4d81-9225-2e0c2d6700ef,7.0,9,10,0,8.450,2026-07-22 23:00:00.252201+00
df0f7ed2-f926-427a-a38b-607edfaa5b27,3ae65d23-d087-4503-977d-a430f9672775,7.0,10,10,0,8.800,2026-07-24 18:00:00.23354+00
9d6c5ef9-3f44-49b0-a5d9-8aea8f547142,98f2a592-62df-4e51-87c3-2174dbdd883e,7.0,9,10,0,8.450,2026-07-24 18:00:00.23354+00
da7b27d4-8814-4644-b06a-a9f7d453ad8a,c6d5f839-9d64-4d81-9225-2e0c2d6700ef,7.0,9,10,0,8.450,2026-07-24 18:00:00.23354+00
8029c9f4-1a22-485c-8ffa-d644669593b2,3ae65d23-d087-4503-977d-a430f9672775,7.0,10,10,0,8.800,2026-07-27 00:00:00.211173+00
6d69477a-b763-48b8-9218-6ec54c243fa2,98f2a592-62df-4e51-87c3-2174dbdd883e,7.0,9,10,0,8.450,2026-07-27 00:00:00.211173+00
962afad1-30eb-4532-ba71-041cb347a432,c6d5f839-9d64-4d81-9225-2e0c2d6700ef,7.0,9,10,0,8.450,2026-07-27 00:00:00.211173+00
a083119b-393c-4f9b-bbd7-d96e6c60d0b1,fabee082-6ae6-4254-a264-30ca77bc94ab,7.0,10,8,0,8.300,2026-07-22 23:00:00.252201+00
0ffb405f-fdac-4395-8535-681562f2f0d0,fabee082-6ae6-4254-a264-30ca77bc94ab,7.0,10,8,0,8.300,2026-07-24 18:00:00.23354+00
6918f62a-9804-4789-b2d0-8e76b1bd2c3a,98f2a592-62df-4e51-87c3-2174dbdd883e,7.0,9,10,0,8.450,2026-07-25 04:00:00.250999+00
3b854820-b829-463e-9eb8-7c9e92170ab4,c6d5f839-9d64-4d81-9225-2e0c2d6700ef,7.0,9,10,0,8.450,2026-07-25 04:00:00.250999+00
4034a188-cc59-4bf0-9f04-e2ff17908756,fabee082-6ae6-4254-a264-30ca77bc94ab,7.0,10,8,0,8.300,2026-07-25 04:00:00.250999+00
5fb543c8-9a2d-412e-b637-86c58aef7b3f,3ae65d23-d087-4503-977d-a430f9672775,7.0,10,10,0,8.800,2026-07-25 04:00:00.250999+00
58c7851b-d11a-4649-a902-d07ada1c070d,fabee082-6ae6-4254-a264-30ca77bc94ab,7.0,10,8,0,8.300,2026-07-27 00:00:00.211173+00
ae9db77a-c766-4094-8809-e8d89fb2081f,98f2a592-62df-4e51-87c3-2174dbdd883e,7.0,9,10,0,8.450,2026-07-27 10:00:00.243487+00
8786448a-af42-4a46-94d5-ee30620d7e47,c6d5f839-9d64-4d81-9225-2e0c2d6700ef,7.0,9,10,0,8.450,2026-07-27 10:00:00.243487+00
6abba082-1524-4616-9c60-83467af8216c,fabee082-6ae6-4254-a264-30ca77bc94ab,7.0,10,8,0,8.300,2026-07-27 10:00:00.243487+00
10bb0acc-1703-4734-8d4f-37fd605299bd,3ae65d23-d087-4503-977d-a430f9672775,7.0,10,10,0,8.800,2026-07-27 10:00:00.243487+00
0c7eabe0-5bf9-4224-aeb6-d09f1c46b325,c6d5f839-9d64-4d81-9225-2e0c2d6700ef,7.0,9,10,0,8.450,2026-07-27 20:00:00.268706+00
be9d92c4-1357-4b58-b3f9-616e4e3cb6d9,fabee082-6ae6-4254-a264-30ca77bc94ab,7.0,10,8,0,8.300,2026-07-27 20:00:00.268706+00
ed147334-e145-45fb-8833-bdf0c5c079cf,3ae65d23-d087-4503-977d-a430f9672775,7.0,10,10,0,8.800,2026-07-27 20:00:00.268706+00
846627ab-83a0-46de-873a-bbfc8fe7d370,98f2a592-62df-4e51-87c3-2174dbdd883e,7.0,9,10,0,8.450,2026-07-27 20:00:00.268706+00
fe1e53eb-8ea5-42f5-80ce-9176548aaeab,3ae65d23-d087-4503-977d-a430f9672775,7.0,10,10,0,8.800,2026-07-28 06:00:00.251275+00
830b860a-7469-43ad-a96a-637aa0d218bb,98f2a592-62df-4e51-87c3-2174dbdd883e,7.0,9,10,0,8.450,2026-07-28 06:00:00.251275+00
fef81812-7f3e-4720-8394-434479b5f01e,c6d5f839-9d64-4d81-9225-2e0c2d6700ef,7.0,9,10,0,8.450,2026-07-25 19:00:00.236087+00
2fd6a6cb-bdd9-4e01-8c7c-c2f5deb3c72b,fabee082-6ae6-4254-a264-30ca77bc94ab,7.0,10,8,0,8.300,2026-07-25 19:00:00.236087+00
465053db-c523-45a5-ab32-a7756352ebb3,c6d5f839-9d64-4d81-9225-2e0c2d6700ef,7.0,9,10,0,8.450,2026-07-28 06:00:00.251275+00
3f6aa27f-3d5b-4a18-b2cb-ce1ab8fe522c,fabee082-6ae6-4254-a264-30ca77bc94ab,7.0,10,8,0,8.300,2026-07-28 06:00:00.251275+00
0fc1bc48-b5f3-411e-8e25-54cc9aa96385,c6d5f839-9d64-4d81-9225-2e0c2d6700ef,7.0,9,10,0,8.450,2026-07-23 13:00:00.249634+00
f347bd97-7474-474e-ad8d-a176ac732192,fabee082-6ae6-4254-a264-30ca77bc94ab,7.0,10,8,0,8.300,2026-07-23 13:00:00.249634+00
b6951f2b-4626-48b7-813f-c17600525f49,3ae65d23-d087-4503-977d-a430f9672775,7.0,10,10,0,8.800,2026-07-23 13:00:00.249634+00
4579a125-503d-4ab9-9b61-f6e8ce833d8c,98f2a592-62df-4e51-87c3-2174dbdd883e,7.0,9,10,0,8.450,2026-07-28 16:00:00.238363+00
5d7911a4-1f0a-4012-b235-e886d1a16e6b,c6d5f839-9d64-4d81-9225-2e0c2d6700ef,7.0,9,10,0,8.450,2026-07-28 16:00:00.238363+00
8fcd75fa-e6ad-4ac2-b8a0-bbc00e032971,fabee082-6ae6-4254-a264-30ca77bc94ab,7.0,10,8,0,8.300,2026-07-28 16:00:00.238363+00
8e580cce-4c71-482d-8506-e98c439ed599,3ae65d23-d087-4503-977d-a430f9672775,7.0,10,10,0,8.800,2026-07-28 16:00:00.238363+00
a4fed96f-7dbf-455c-8aa0-52ac4d3867a8,fabee082-6ae6-4254-a264-30ca77bc94ab,7.0,10,8,0,8.300,2026-07-22 06:00:00.233168+00
04eb046f-0809-4386-8f4d-414f5a1fa8e0,3ae65d23-d087-4503-977d-a430f9672775,7.0,10,10,0,8.800,2026-07-22 06:00:00.233168+00
99857b7a-ff87-457e-925f-47e011a6b41f,c6d5f839-9d64-4d81-9225-2e0c2d6700ef,7.0,9,10,0,8.450,2026-07-22 06:00:00.233168+00
86f12a27-d896-4262-b38e-75f29bced3df,fabee082-6ae6-4254-a264-30ca77bc94ab,7.0,10,8,0,8.300,2026-07-22 16:00:00.231521+00
a4ee1ebc-52a6-49d0-a995-fad20b24bbf0,3ae65d23-d087-4503-977d-a430f9672775,7.0,10,10,0,8.800,2026-07-22 16:00:00.231521+00
d647ede9-fc12-43ea-a2d5-447b8a160fa9,c6d5f839-9d64-4d81-9225-2e0c2d6700ef,7.0,9,10,0,8.450,2026-07-22 16:00:00.231521+00
389218c6-c3ee-44e7-94e2-020da8ba45f9,98f2a592-62df-4e51-87c3-2174dbdd883e,7.0,9,10,0,8.450,2026-07-23 13:00:00.249634+00
3b493e7f-83c5-4299-b0e9-10584d2d6165,3ae65d23-d087-4503-977d-a430f9672775,7.0,10,10,0,8.800,2026-07-23 23:00:00.289757+00
fa2cae12-c84a-4d8b-abac-5107e99c7c45,98f2a592-62df-4e51-87c3-2174dbdd883e,7.0,9,10,0,8.450,2026-07-23 23:00:00.289757+00
c7d75c10-82ed-42e5-bfad-a182b493564e,c6d5f839-9d64-4d81-9225-2e0c2d6700ef,7.0,9,10,0,8.450,2026-07-23 23:00:00.289757+00
0700a195-1f64-4b3c-b340-721a45e8f601,fabee082-6ae6-4254-a264-30ca77bc94ab,7.0,10,8,0,8.300,2026-07-23 23:00:00.289757+00
51e8caec-2baa-49fa-b481-b5af7ec310f3,98f2a592-62df-4e51-87c3-2174dbdd883e,7.0,9,10,0,8.450,2026-07-24 09:00:00.230821+00
78107cde-914f-4118-957d-a73345b9098b,3ae65d23-d087-4503-977d-a430f9672775,7.0,10,10,0,8.800,2026-07-25 19:00:00.236087+00
2e8dbe00-3109-4ad0-ab03-e969b6f24471,98f2a592-62df-4e51-87c3-2174dbdd883e,7.0,9,10,0,8.450,2026-07-25 19:00:00.236087+00
5a7fc514-4de2-494f-9819-0515d4d7a5e8,3ae65d23-d087-4503-977d-a430f9672775,7.0,10,10,0,8.800,2026-07-26 05:00:00.224234+00
d4f1666c-c54c-451b-a03b-17c41661ebab,98f2a592-62df-4e51-87c3-2174dbdd883e,7.0,9,10,0,8.450,2026-07-26 05:00:00.224234+00
804c5185-7200-4813-8817-a878ef0f6fe7,c6d5f839-9d64-4d81-9225-2e0c2d6700ef,7.0,9,10,0,8.450,2026-07-26 05:00:00.224234+00
f96daed3-83b6-43aa-8b24-ccd7ebcd1aff,fabee082-6ae6-4254-a264-30ca77bc94ab,7.0,10,8,0,8.300,2026-07-26 05:00:00.224234+00
a3136fe3-301f-4cf0-a09f-c625c3903662,98f2a592-62df-4e51-87c3-2174dbdd883e,7.0,9,10,0,8.450,2026-07-26 15:00:00.249476+00
b9df32d3-d051-4018-82d9-8122975486aa,c6d5f839-9d64-4d81-9225-2e0c2d6700ef,7.0,9,10,0,8.450,2026-07-26 15:00:00.249476+00
ed2c4577-c463-46b2-9e44-c4abde970e1d,fabee082-6ae6-4254-a264-30ca77bc94ab,7.0,10,8,0,8.300,2026-07-26 15:00:00.249476+00
5b0076a7-b4b9-46f3-9db2-f6b515b8485c,3ae65d23-d087-4503-977d-a430f9672775,7.0,10,10,0,8.800,2026-07-26 15:00:00.249476+00
eb452b92-7a8f-4f0f-b021-32632e78e5f8,c6d5f839-9d64-4d81-9225-2e0c2d6700ef,7.0,9,10,0,8.450,2026-07-24 09:00:00.230821+00
c5aa8989-4482-4a43-8832-ec32be235207,fabee082-6ae6-4254-a264-30ca77bc94ab,7.0,10,8,0,8.300,2026-07-24 09:00:00.230821+00
094db7e2-604e-4a22-a3ac-17e3a0613a30,3ae65d23-d087-4503-977d-a430f9672775,7.0,10,10,0,8.800,2026-07-24 09:00:00.230821+00
557b50f9-d836-4835-b27d-9e444353147e,c6d5f839-9d64-4d81-9225-2e0c2d6700ef,7.0,9,10,0,8.450,2026-07-24 19:00:00.253453+00
83b023b4-fff4-4f38-884c-c162dd15e374,fabee082-6ae6-4254-a264-30ca77bc94ab,7.0,10,8,0,8.300,2026-07-24 19:00:00.253453+00
30192480-f2b4-4649-9abf-7c352bb8d538,3ae65d23-d087-4503-977d-a430f9672775,7.0,10,10,0,8.800,2026-07-24 19:00:00.253453+00
6d95b3ec-33c0-4671-98a3-458dd0d96367,c6d5f839-9d64-4d81-9225-2e0c2d6700ef,7.0,9,10,0,8.450,2026-07-27 01:00:00.240207+00
e5dcc69a-579c-40e1-a678-7d27c7915b48,fabee082-6ae6-4254-a264-30ca77bc94ab,7.0,10,8,0,8.300,2026-07-27 01:00:00.240207+00
96ffcad4-303b-4049-a4c8-b6029d5cc000,3ae65d23-d087-4503-977d-a430f9672775,7.0,10,10,0,8.800,2026-07-27 01:00:00.240207+00
6824b1f7-189a-46b6-900f-32717399bfcc,3ae65d23-d087-4503-977d-a430f9672775,7.0,10,10,0,8.800,2026-07-23 00:00:00.263277+00
5589efce-2266-444f-a02a-48dae74ad882,98f2a592-62df-4e51-87c3-2174dbdd883e,7.0,9,10,0,8.450,2026-07-23 00:00:00.263277+00
f9c948c2-21f5-4783-aeb8-8d662a684da5,c6d5f839-9d64-4d81-9225-2e0c2d6700ef,7.0,9,10,0,8.450,2026-07-23 00:00:00.263277+00
b6b47e2e-2143-4efa-b6f0-9710ca454b13,fabee082-6ae6-4254-a264-30ca77bc94ab,7.0,10,8,0,8.300,2026-07-23 00:00:00.263277+00
18ee0e72-641c-410a-b9a4-7a681a083cdb,98f2a592-62df-4e51-87c3-2174dbdd883e,7.0,9,10,0,8.450,2026-07-24 19:00:00.253453+00
cc6fa0c8-8c8d-473c-98b3-56cb96f072a9,3ae65d23-d087-4503-977d-a430f9672775,7.0,10,10,0,8.800,2026-07-25 05:00:00.223247+00
48d9509c-5cae-4908-8c6f-00932c2752df,98f2a592-62df-4e51-87c3-2174dbdd883e,7.0,9,10,0,8.450,2026-07-25 05:00:00.223247+00
b48de405-1c8b-4b34-b3b8-0b6d97dcb657,c6d5f839-9d64-4d81-9225-2e0c2d6700ef,7.0,9,10,0,8.450,2026-07-25 05:00:00.223247+00
051a63d4-eee4-4efa-bc75-4203a60b482d,fabee082-6ae6-4254-a264-30ca77bc94ab,7.0,10,8,0,8.300,2026-07-25 05:00:00.223247+00
46653e3a-5210-4292-939f-5e6a211b1d52,98f2a592-62df-4e51-87c3-2174dbdd883e,7.0,9,10,0,8.450,2026-07-27 01:00:00.240207+00
51eb780b-875b-48c1-bc51-db87992eae5c,3ae65d23-d087-4503-977d-a430f9672775,7.0,10,10,0,8.800,2026-07-27 11:00:00.247279+00
47b81610-8e8c-47a5-a3c8-b4d66a04e84b,98f2a592-62df-4e51-87c3-2174dbdd883e,7.0,9,10,0,8.450,2026-07-27 11:00:00.247279+00
6221f195-05e4-4cf2-8a58-6616ff9c86b8,c6d5f839-9d64-4d81-9225-2e0c2d6700ef,7.0,9,10,0,8.450,2026-07-27 11:00:00.247279+00
c76604d7-99e4-4995-9468-7a6f22993650,fabee082-6ae6-4254-a264-30ca77bc94ab,7.0,10,8,0,8.300,2026-07-27 11:00:00.247279+00
0d2d25af-d37b-48a6-9255-6ae4cd966977,98f2a592-62df-4e51-87c3-2174dbdd883e,7.0,9,10,0,8.450,2026-07-27 21:00:00.244415+00
09cabb22-592f-4185-a1f0-ca6b6067fd61,c6d5f839-9d64-4d81-9225-2e0c2d6700ef,7.0,9,10,0,8.450,2026-07-27 21:00:00.244415+00
0967d035-0310-4d0b-a557-7089a780697b,fabee082-6ae6-4254-a264-30ca77bc94ab,7.0,10,8,0,8.300,2026-07-27 21:00:00.244415+00
45f827b4-20b6-49d1-936a-416642b85507,3ae65d23-d087-4503-977d-a430f9672775,7.0,10,10,0,8.800,2026-07-27 21:00:00.244415+00
2b63bc1d-75a6-4a0b-941c-b936c9520b84,c6d5f839-9d64-4d81-9225-2e0c2d6700ef,7.0,9,10,0,8.450,2026-07-25 20:00:00.249234+00
851fc34e-3c8f-4c66-913b-bfa9b1fb846c,fabee082-6ae6-4254-a264-30ca77bc94ab,7.0,10,8,0,8.300,2026-07-25 20:00:00.249234+00
40cfa86b-1196-43b9-b15c-97e445199334,c6d5f839-9d64-4d81-9225-2e0c2d6700ef,7.0,9,10,0,8.450,2026-07-28 07:00:00.225614+00
dffbd04d-01b8-45ec-ba77-010af00cf237,fabee082-6ae6-4254-a264-30ca77bc94ab,7.0,10,8,0,8.300,2026-07-28 07:00:00.225614+00
819402ca-151f-4af9-9a28-399c9959138c,c6d5f839-9d64-4d81-9225-2e0c2d6700ef,7.0,9,10,0,8.450,2026-07-23 14:00:00.263475+00
e22d4a86-2322-492b-bd05-70f10b004d58,3ae65d23-d087-4503-977d-a430f9672775,7.0,10,10,0,8.800,2026-07-25 20:00:00.249234+00
0a542963-3240-427f-9e4a-bfb784b0b9f8,98f2a592-62df-4e51-87c3-2174dbdd883e,7.0,9,10,0,8.450,2026-07-25 20:00:00.249234+00
3aa78b05-03d2-4e11-886a-37fb32e3ac43,3ae65d23-d087-4503-977d-a430f9672775,7.0,10,10,0,8.800,2026-07-26 06:00:00.23184+00
e6aa3060-07aa-470d-9e41-7066b135ec27,3ae65d23-d087-4503-977d-a430f9672775,7.0,10,10,0,8.800,2026-07-28 07:00:00.225614+00
fc7e15b4-e388-4349-94b8-ff877b59c03b,98f2a592-62df-4e51-87c3-2174dbdd883e,7.0,9,10,0,8.450,2026-07-28 07:00:00.225614+00
99e6d56c-1882-49bf-a7f4-256b3b70c90e,3ae65d23-d087-4503-977d-a430f9672775,7.0,10,10,0,8.800,2026-07-28 17:00:00.247398+00
0a07dda1-5077-4d07-afe0-c57dd565bb34,98f2a592-62df-4e51-87c3-2174dbdd883e,7.0,9,10,0,8.450,2026-07-28 17:00:00.247398+00
858aed6e-1a17-49eb-8dcf-995c56fba24c,c6d5f839-9d64-4d81-9225-2e0c2d6700ef,7.0,9,10,0,8.450,2026-07-28 17:00:00.247398+00
ba4d07fd-3e0d-4815-9905-2498a0e73d08,fabee082-6ae6-4254-a264-30ca77bc94ab,7.0,10,8,0,8.300,2026-07-28 17:00:00.247398+00
d5679a64-3963-41fd-aa30-716cde278b08,fabee082-6ae6-4254-a264-30ca77bc94ab,7.0,10,8,0,8.300,2026-07-21 21:00:00.258715+00
10370e75-3b7e-4af1-af10-315a984ffdf5,3ae65d23-d087-4503-977d-a430f9672775,7.0,10,10,0,8.800,2026-07-21 21:00:00.258715+00
22bfbf6c-9609-4322-b6ab-e20e082682d3,c6d5f839-9d64-4d81-9225-2e0c2d6700ef,7.0,9,10,0,8.450,2026-07-21 21:00:00.258715+00
1f226a35-2d88-4616-9bae-c61283c99a6f,fabee082-6ae6-4254-a264-30ca77bc94ab,7.0,10,8,0,8.300,2026-07-22 07:00:00.213326+00
7d02f737-b409-4f11-88e9-a29e88e3e3be,3ae65d23-d087-4503-977d-a430f9672775,7.0,10,10,0,8.800,2026-07-22 07:00:00.213326+00
3b57a3ea-3d98-450c-929f-f0903e076ba4,c6d5f839-9d64-4d81-9225-2e0c2d6700ef,7.0,9,10,0,8.450,2026-07-22 07:00:00.213326+00
d1cc6f09-438e-41a6-84c5-200745f57ffc,fabee082-6ae6-4254-a264-30ca77bc94ab,7.0,10,8,0,8.300,2026-07-23 14:00:00.263475+00
deee808f-4022-464e-af16-ebb1bb4d570d,3ae65d23-d087-4503-977d-a430f9672775,7.0,10,10,0,8.800,2026-07-23 14:00:00.263475+00
0276e55e-e06b-4773-89b3-a7d9ff0c927c,98f2a592-62df-4e51-87c3-2174dbdd883e,7.0,9,10,0,8.450,2026-07-23 14:00:00.263475+00
43bb39a7-b0a8-4afa-827b-b8e1fe2775f9,3ae65d23-d087-4503-977d-a430f9672775,7.0,10,10,0,8.800,2026-07-24 00:00:00.24518+00
61d460e8-41dc-45c7-a92c-50375c4870c9,98f2a592-62df-4e51-87c3-2174dbdd883e,7.0,9,10,0,8.450,2026-07-24 00:00:00.24518+00
47f2645c-6df2-4212-8cb0-c894a095b676,c6d5f839-9d64-4d81-9225-2e0c2d6700ef,7.0,9,10,0,8.450,2026-07-24 00:00:00.24518+00
b151df06-846f-4100-8f5a-4c022066212d,fabee082-6ae6-4254-a264-30ca77bc94ab,7.0,10,8,0,8.300,2026-07-24 00:00:00.24518+00
39265111-fe4a-410d-b8ad-5925163bec1b,98f2a592-62df-4e51-87c3-2174dbdd883e,7.0,9,10,0,8.450,2026-07-24 10:00:00.262184+00
bf04b07a-2086-4dac-a739-ee781bc4058a,98f2a592-62df-4e51-87c3-2174dbdd883e,7.0,9,10,0,8.450,2026-07-26 06:00:00.23184+00
fd5d7fe4-97f5-4713-a66c-0f2f52ff985d,c6d5f839-9d64-4d81-9225-2e0c2d6700ef,7.0,9,10,0,8.450,2026-07-26 06:00:00.23184+00
93b42566-c413-4e80-92b3-324725554698,fabee082-6ae6-4254-a264-30ca77bc94ab,7.0,10,8,0,8.300,2026-07-26 06:00:00.23184+00
58d6f26c-15ab-436b-95c2-1c356c7e99a1,98f2a592-62df-4e51-87c3-2174dbdd883e,7.0,9,10,0,8.450,2026-07-26 16:00:00.215832+00
01ccdc14-8860-4db9-acb5-8b6ce3acfd7c,c6d5f839-9d64-4d81-9225-2e0c2d6700ef,7.0,9,10,0,8.450,2026-07-26 16:00:00.215832+00
058afdc0-a25e-4c14-89c3-f23e195a4fbe,fabee082-6ae6-4254-a264-30ca77bc94ab,7.0,10,8,0,8.300,2026-07-26 16:00:00.215832+00
d8d31960-d791-48a8-aafa-18fb8f980f27,3ae65d23-d087-4503-977d-a430f9672775,7.0,10,10,0,8.800,2026-07-26 16:00:00.215832+00
59465397-1ccc-44e3-b91b-dc777205e516,c6d5f839-9d64-4d81-9225-2e0c2d6700ef,7.0,9,10,0,8.450,2026-07-24 10:00:00.262184+00
0471b28a-b8c5-4677-8bc6-8bc6428f3b39,fabee082-6ae6-4254-a264-30ca77bc94ab,7.0,10,8,0,8.300,2026-07-24 10:00:00.262184+00
5b8c87d8-709e-4159-aadc-76a37d86a3f3,3ae65d23-d087-4503-977d-a430f9672775,7.0,10,10,0,8.800,2026-07-24 10:00:00.262184+00
2aedc22f-67b1-437d-9d16-060621f2cf42,c6d5f839-9d64-4d81-9225-2e0c2d6700ef,7.0,9,10,0,8.450,2026-07-27 02:00:00.248623+00
51d6540f-9bc1-448e-9422-71dcdfcc3dc1,fabee082-6ae6-4254-a264-30ca77bc94ab,7.0,10,8,0,8.300,2026-07-27 02:00:00.248623+00
2b1747bc-90d4-4f2b-b61d-632c4e2585eb,3ae65d23-d087-4503-977d-a430f9672775,7.0,10,10,0,8.800,2026-07-27 02:00:00.248623+00
0396c312-c77f-4f64-8935-f70d0dc20cd5,98f2a592-62df-4e51-87c3-2174dbdd883e,7.0,9,10,0,8.450,2026-07-27 02:00:00.248623+00
9e235cad-5b43-497f-bc0d-ba1a1c262c4e,3ae65d23-d087-4503-977d-a430f9672775,7.0,10,10,0,8.800,2026-07-27 12:00:00.23401+00
b0cbf741-04ac-4867-9567-6e7f85d7a596,98f2a592-62df-4e51-87c3-2174dbdd883e,7.0,9,10,0,8.450,2026-07-27 12:00:00.23401+00
5eedf1b5-1056-44c2-bdf1-a386dcac2b4d,c6d5f839-9d64-4d81-9225-2e0c2d6700ef,7.0,9,10,0,8.450,2026-07-22 17:00:00.238487+00
bc38b8ce-a6df-43da-b86c-2cc8cfe4fd0d,fabee082-6ae6-4254-a264-30ca77bc94ab,7.0,10,8,0,8.300,2026-07-22 17:00:00.238487+00
a3745285-1d84-4fea-9d6e-021bb088e9de,3ae65d23-d087-4503-977d-a430f9672775,7.0,10,10,0,8.800,2026-07-22 17:00:00.238487+00
4a54328b-a544-4e25-b84c-6b9a9070374e,c6d5f839-9d64-4d81-9225-2e0c2d6700ef,7.0,9,10,0,8.450,2026-07-24 20:00:00.267267+00
04f60e50-1155-4930-ae3e-6e4e2c1c20f0,fabee082-6ae6-4254-a264-30ca77bc94ab,7.0,10,8,0,8.300,2026-07-24 20:00:00.267267+00
7b8040f5-f69d-4697-8eef-724d0712f8c0,3ae65d23-d087-4503-977d-a430f9672775,7.0,10,10,0,8.800,2026-07-24 20:00:00.267267+00
d852aafc-ccb6-472b-b108-37730a58355f,fabee082-6ae6-4254-a264-30ca77bc94ab,7.0,10,8,0,8.300,2026-07-23 01:00:00.251451+00
6575dd52-24ba-4f26-80b9-f5fb061e1b0b,3ae65d23-d087-4503-977d-a430f9672775,7.0,10,10,0,8.800,2026-07-23 01:00:00.251451+00
418779e5-406c-422f-bd29-e41af04d6985,98f2a592-62df-4e51-87c3-2174dbdd883e,7.0,9,10,0,8.450,2026-07-23 01:00:00.251451+00
404a220b-386d-4d90-a73c-b7f47af37f66,c6d5f839-9d64-4d81-9225-2e0c2d6700ef,7.0,9,10,0,8.450,2026-07-23 01:00:00.251451+00
7a45eee6-99c1-421f-91cf-fc0d6384b422,98f2a592-62df-4e51-87c3-2174dbdd883e,7.0,9,10,0,8.450,2026-07-24 20:00:00.267267+00
6a4e3b26-512e-454a-80c3-7ef6e8cb463c,3ae65d23-d087-4503-977d-a430f9672775,7.0,10,10,0,8.800,2026-07-25 06:00:00.229063+00
32b76949-cc1d-4a81-9d9b-7d68c30b863c,98f2a592-62df-4e51-87c3-2174dbdd883e,7.0,9,10,0,8.450,2026-07-25 06:00:00.229063+00
eff95962-375b-418e-b3c5-96a52c1a1920,c6d5f839-9d64-4d81-9225-2e0c2d6700ef,7.0,9,10,0,8.450,2026-07-25 06:00:00.229063+00
185dfc15-d51b-4c57-a5b2-e6f92bfcec09,fabee082-6ae6-4254-a264-30ca77bc94ab,7.0,10,8,0,8.300,2026-07-25 06:00:00.229063+00
522417bd-1c42-42ee-8a49-80d4aeaf9f09,c6d5f839-9d64-4d81-9225-2e0c2d6700ef,7.0,9,10,0,8.450,2026-07-27 12:00:00.23401+00
edd32db4-3536-49d3-804a-c9a668457a60,fabee082-6ae6-4254-a264-30ca77bc94ab,7.0,10,8,0,8.300,2026-07-27 12:00:00.23401+00
c607bbbb-abd6-4d8a-8f26-bca4f127a2e7,98f2a592-62df-4e51-87c3-2174dbdd883e,7.0,9,10,0,8.450,2026-07-27 22:00:00.258235+00
6d26ce94-de52-41c0-8c15-2d17235dabdb,c6d5f839-9d64-4d81-9225-2e0c2d6700ef,7.0,9,10,0,8.450,2026-07-27 22:00:00.258235+00
d087a0ab-e94a-475d-9b58-f8238b8f169e,fabee082-6ae6-4254-a264-30ca77bc94ab,7.0,10,8,0,8.300,2026-07-27 22:00:00.258235+00
57ccbaf7-e748-4d0e-a613-8b3a7755ad6b,3ae65d23-d087-4503-977d-a430f9672775,7.0,10,10,0,8.800,2026-07-27 22:00:00.258235+00
b73e0fc0-04ff-407f-bc8d-58f12b84e8ad,98f2a592-62df-4e51-87c3-2174dbdd883e,7.0,9,10,0,8.450,2026-07-25 21:00:00.255976+00
4dfac358-c79d-4a27-92c5-0daf48096b9c,c6d5f839-9d64-4d81-9225-2e0c2d6700ef,7.0,9,10,0,8.450,2026-07-25 21:00:00.255976+00
4604e0a3-0277-4962-9e0e-641cd3aecdf1,fabee082-6ae6-4254-a264-30ca77bc94ab,7.0,10,8,0,8.300,2026-07-25 21:00:00.255976+00
ac7f6000-6689-4aca-ad33-142a495b6803,3ae65d23-d087-4503-977d-a430f9672775,7.0,10,10,0,8.800,2026-07-25 21:00:00.255976+00
3f7f48d0-a88e-4a01-ba93-0374ce71823f,c6d5f839-9d64-4d81-9225-2e0c2d6700ef,7.0,9,10,0,8.450,2026-07-26 07:00:00.265396+00
500fe4f0-5345-40f3-8736-f30e500285a4,fabee082-6ae6-4254-a264-30ca77bc94ab,7.0,10,8,0,8.300,2026-07-26 07:00:00.265396+00
2cab5e98-aba1-49d6-b768-6be4f77c3010,3ae65d23-d087-4503-977d-a430f9672775,7.0,10,10,0,8.800,2026-07-26 07:00:00.265396+00
a9383328-a38c-4531-9c2b-d1c55f9cd6a1,98f2a592-62df-4e51-87c3-2174dbdd883e,7.0,9,10,0,8.450,2026-07-26 07:00:00.265396+00
2c6ca2b0-a5c2-4a6e-8d7f-5fc55bb69435,3ae65d23-d087-4503-977d-a430f9672775,7.0,10,10,0,8.800,2026-07-26 17:00:00.249808+00
5f6e813e-228c-48f1-8ce5-8823a0a59853,c6d5f839-9d64-4d81-9225-2e0c2d6700ef,7.0,9,10,0,8.450,2026-07-28 08:00:00.255738+00
9bb336f3-4dda-48fe-b942-ebe5bc109eba,fabee082-6ae6-4254-a264-30ca77bc94ab,7.0,10,8,0,8.300,2026-07-28 08:00:00.255738+00
3d294321-3455-46a6-a5e1-d77eee3eb90a,3ae65d23-d087-4503-977d-a430f9672775,7.0,10,10,0,8.800,2026-07-28 08:00:00.255738+00
bd004f71-2ce5-4d82-9388-b97b68f890a0,98f2a592-62df-4e51-87c3-2174dbdd883e,7.0,9,10,0,8.450,2026-07-28 08:00:00.255738+00
401275b5-4908-40bd-9bd7-e78f3af495e5,3ae65d23-d087-4503-977d-a430f9672775,7.0,10,10,0,8.800,2026-07-28 18:00:00.246506+00
0278c129-d36a-4bcf-837f-47ad6f529c33,98f2a592-62df-4e51-87c3-2174dbdd883e,7.0,9,10,0,8.450,2026-07-28 18:00:00.246506+00
09493e26-bce2-4c9e-9df0-8a7c27a90160,c6d5f839-9d64-4d81-9225-2e0c2d6700ef,7.0,9,10,0,8.450,2026-07-28 18:00:00.246506+00
6357f2a0-9baf-4cda-a85a-0e97362a081a,fabee082-6ae6-4254-a264-30ca77bc94ab,7.0,10,8,0,8.300,2026-07-28 18:00:00.246506+00
64079412-877a-4117-af83-ccd1d0b1a183,fabee082-6ae6-4254-a264-30ca77bc94ab,7.0,10,8,0,8.300,2026-07-21 22:00:00.240104+00
02fe7547-de88-431b-85e8-30d269a79dee,3ae65d23-d087-4503-977d-a430f9672775,7.0,10,10,0,8.800,2026-07-21 22:00:00.240104+00
a8cf6183-9a2f-438d-83a1-4dcc0ae25a91,c6d5f839-9d64-4d81-9225-2e0c2d6700ef,7.0,9,10,0,8.450,2026-07-21 22:00:00.240104+00
cc86c8a5-1093-4f64-a8f4-182261abfde9,c6d5f839-9d64-4d81-9225-2e0c2d6700ef,7.0,9,10,0,8.450,2026-07-22 08:00:00.219718+00
7d8dd54d-6448-409c-a278-a53d6a85d01e,fabee082-6ae6-4254-a264-30ca77bc94ab,7.0,10,8,0,8.300,2026-07-22 08:00:00.219718+00
47939776-9875-452f-87ad-4fe8820149d3,3ae65d23-d087-4503-977d-a430f9672775,7.0,10,10,0,8.800,2026-07-22 08:00:00.219718+00
23b14976-f8b9-4b7a-8f2a-39385aabf608,98f2a592-62df-4e51-87c3-2174dbdd883e,7.0,9,10,0,8.450,2026-07-23 15:00:00.265906+00
d804f6bf-cf58-40c8-bf72-b6f2e580460d,c6d5f839-9d64-4d81-9225-2e0c2d6700ef,7.0,9,10,0,8.450,2026-07-23 15:00:00.265906+00
64fb1f23-b0cc-404b-afd7-8c116e952b89,fabee082-6ae6-4254-a264-30ca77bc94ab,7.0,10,8,0,8.300,2026-07-23 15:00:00.265906+00
287a1bc4-db6b-49d4-ac47-34aa617e06c0,3ae65d23-d087-4503-977d-a430f9672775,7.0,10,10,0,8.800,2026-07-23 15:00:00.265906+00
23f6756c-20ba-4cd9-b984-75eb623920b2,c6d5f839-9d64-4d81-9225-2e0c2d6700ef,7.0,9,10,0,8.450,2026-07-24 01:00:00.26145+00
e8c98bd1-1a0b-457a-856b-6bdebdfb1c1d,fabee082-6ae6-4254-a264-30ca77bc94ab,7.0,10,8,0,8.300,2026-07-24 01:00:00.26145+00
555e7025-6c02-45bc-a69f-12a497c3fc6a,3ae65d23-d087-4503-977d-a430f9672775,7.0,10,10,0,8.800,2026-07-24 01:00:00.26145+00
a968a570-c81e-49b1-95a3-78ec5a98ac3c,98f2a592-62df-4e51-87c3-2174dbdd883e,7.0,9,10,0,8.450,2026-07-24 01:00:00.26145+00
09de320c-dd06-41aa-929a-6c5fd6e95268,3ae65d23-d087-4503-977d-a430f9672775,7.0,10,10,0,8.800,2026-07-24 11:00:00.249208+00
99232397-e208-416b-8a03-f0a151d7996e,c6d5f839-9d64-4d81-9225-2e0c2d6700ef,7.0,9,10,0,8.450,2026-07-22 18:00:00.26277+00
1e5bf7cb-c9eb-40fe-849a-da140f45c4e4,fabee082-6ae6-4254-a264-30ca77bc94ab,7.0,10,8,0,8.300,2026-07-22 18:00:00.26277+00
83d41008-b31a-4923-ae13-fedd0837e713,3ae65d23-d087-4503-977d-a430f9672775,7.0,10,10,0,8.800,2026-07-22 18:00:00.26277+00
f2c94ae8-8785-4396-b83e-9124efdbc02b,98f2a592-62df-4e51-87c3-2174dbdd883e,7.0,9,10,0,8.450,2026-07-24 11:00:00.249208+00
43e6fdc5-e6ff-4eed-a4ba-0fe05dc38467,c6d5f839-9d64-4d81-9225-2e0c2d6700ef,7.0,9,10,0,8.450,2026-07-24 11:00:00.249208+00
e04cc298-b484-4099-8d72-ae689c0518b6,fabee082-6ae6-4254-a264-30ca77bc94ab,7.0,10,8,0,8.300,2026-07-24 11:00:00.249208+00
b0ee6064-3d56-409e-90e3-b73b89d35348,98f2a592-62df-4e51-87c3-2174dbdd883e,7.0,9,10,0,8.450,2026-07-26 17:00:00.249808+00
4cd5c5c6-5395-4e4f-a263-f1be5abbeddc,c6d5f839-9d64-4d81-9225-2e0c2d6700ef,7.0,9,10,0,8.450,2026-07-26 17:00:00.249808+00
1ae063e9-e3d5-4bec-a034-6b91603f8337,fabee082-6ae6-4254-a264-30ca77bc94ab,7.0,10,8,0,8.300,2026-07-26 17:00:00.249808+00
b2244cd6-2e8b-4aa0-9bdd-d28c0f807b36,98f2a592-62df-4e51-87c3-2174dbdd883e,7.0,9,10,0,8.450,2026-07-27 03:00:00.25635+00
e2c4968c-e772-4b19-aac3-35255711ebe9,c6d5f839-9d64-4d81-9225-2e0c2d6700ef,7.0,9,10,0,8.450,2026-07-27 03:00:00.25635+00
3d9b4e14-e7bf-4d69-a9b9-ce425ea3e3e2,fabee082-6ae6-4254-a264-30ca77bc94ab,7.0,10,8,0,8.300,2026-07-27 03:00:00.25635+00
87afea53-4aa5-41d5-97f8-be1bd62fa828,fabee082-6ae6-4254-a264-30ca77bc94ab,7.0,10,8,0,8.300,2026-07-23 02:00:00.237655+00
62c45edf-b43a-4aef-a94e-0a5080402d70,3ae65d23-d087-4503-977d-a430f9672775,7.0,10,10,0,8.800,2026-07-23 02:00:00.237655+00
6c396436-7dd4-4b3f-9f13-42731c5347a3,98f2a592-62df-4e51-87c3-2174dbdd883e,7.0,9,10,0,8.450,2026-07-23 02:00:00.237655+00
cb1a8a21-8a3a-47b2-acea-27e5248e05eb,98f2a592-62df-4e51-87c3-2174dbdd883e,7.0,9,10,0,8.450,2026-07-24 21:00:00.254057+00
82340664-eb6b-452a-b41d-d7281e0fbbb0,c6d5f839-9d64-4d81-9225-2e0c2d6700ef,7.0,9,10,0,8.450,2026-07-24 21:00:00.254057+00
eac775d3-abde-4379-a11d-1ec1beda4d44,fabee082-6ae6-4254-a264-30ca77bc94ab,7.0,10,8,0,8.300,2026-07-24 21:00:00.254057+00
7781510d-57e9-40a3-9118-650eb0243970,3ae65d23-d087-4503-977d-a430f9672775,7.0,10,10,0,8.800,2026-07-27 03:00:00.25635+00
24538081-2e43-4bf9-bc19-dce49892a666,c6d5f839-9d64-4d81-9225-2e0c2d6700ef,7.0,9,10,0,8.450,2026-07-27 13:00:00.249136+00
24dab4f1-e1aa-4412-861d-92c54cfd5378,fabee082-6ae6-4254-a264-30ca77bc94ab,7.0,10,8,0,8.300,2026-07-27 13:00:00.249136+00
8bf01cd4-5e7e-4612-bc9e-1f0e450ffa0c,c6d5f839-9d64-4d81-9225-2e0c2d6700ef,7.0,9,10,0,8.450,2026-07-23 02:00:00.237655+00
55e7a20c-25d5-4641-807a-2f158e65c051,3ae65d23-d087-4503-977d-a430f9672775,7.0,10,10,0,8.800,2026-07-24 21:00:00.254057+00
bc00fd10-a720-4d19-b89f-4677477b3d04,c6d5f839-9d64-4d81-9225-2e0c2d6700ef,7.0,9,10,0,8.450,2026-07-25 07:00:00.239383+00
6e8b52b3-f3b2-491a-9232-c3316960c0de,fabee082-6ae6-4254-a264-30ca77bc94ab,7.0,10,8,0,8.300,2026-07-25 07:00:00.239383+00
8bbeb215-698c-4f5d-8ea4-71619f446e7c,3ae65d23-d087-4503-977d-a430f9672775,7.0,10,10,0,8.800,2026-07-25 07:00:00.239383+00
d7096344-0728-43e2-9f52-b637e52e7624,98f2a592-62df-4e51-87c3-2174dbdd883e,7.0,9,10,0,8.450,2026-07-25 07:00:00.239383+00
6efc4b2d-7f29-48a3-ae9b-79e8a68f9c9c,3ae65d23-d087-4503-977d-a430f9672775,7.0,10,10,0,8.800,2026-07-27 13:00:00.249136+00
34f2d1ac-547f-4f23-acf1-55b79eae7d9c,98f2a592-62df-4e51-87c3-2174dbdd883e,7.0,9,10,0,8.450,2026-07-27 13:00:00.249136+00
ccd3fda5-1133-481f-bdca-aa64ffd41882,3ae65d23-d087-4503-977d-a430f9672775,7.0,10,10,0,8.800,2026-07-27 23:00:00.261665+00
554c3d95-a498-447e-a6be-eb416aa0c189,98f2a592-62df-4e51-87c3-2174dbdd883e,7.0,9,10,0,8.450,2026-07-27 23:00:00.261665+00
6041a331-42a9-44c0-9693-a4d0f33b44c9,c6d5f839-9d64-4d81-9225-2e0c2d6700ef,7.0,9,10,0,8.450,2026-07-27 23:00:00.261665+00
7a2196d7-425d-404a-87d1-96a0837a38cc,fabee082-6ae6-4254-a264-30ca77bc94ab,7.0,10,8,0,8.300,2026-07-27 23:00:00.261665+00
152bb5ac-97fe-4cac-a8dc-fd106dcd86ad,98f2a592-62df-4e51-87c3-2174dbdd883e,7.0,9,10,0,8.450,2026-07-25 22:00:00.241645+00
902a5b56-6db1-4470-995f-c52e03dedf65,c6d5f839-9d64-4d81-9225-2e0c2d6700ef,7.0,9,10,0,8.450,2026-07-25 22:00:00.241645+00
daa171f8-498a-4ff4-af1c-1ded32505476,fabee082-6ae6-4254-a264-30ca77bc94ab,7.0,10,8,0,8.300,2026-07-25 22:00:00.241645+00
f09cc3df-2ee5-4a42-a1d6-de7c335cf0f7,3ae65d23-d087-4503-977d-a430f9672775,7.0,10,10,0,8.800,2026-07-25 22:00:00.241645+00
0229dbaf-86e7-463c-b082-21a9df6170e6,c6d5f839-9d64-4d81-9225-2e0c2d6700ef,7.0,9,10,0,8.450,2026-07-26 08:00:00.223992+00
55de054b-cfa0-4881-84ee-fad47558d0bc,fabee082-6ae6-4254-a264-30ca77bc94ab,7.0,10,8,0,8.300,2026-07-26 08:00:00.223992+00
8388499a-ca20-4a46-a02b-b0362461962a,3ae65d23-d087-4503-977d-a430f9672775,7.0,10,10,0,8.800,2026-07-26 08:00:00.223992+00
629e545f-15c4-4ff2-832d-802e7ea2af5a,98f2a592-62df-4e51-87c3-2174dbdd883e,7.0,9,10,0,8.450,2026-07-26 08:00:00.223992+00
1bc96344-05b0-43ef-a7ba-24b621186bd1,3ae65d23-d087-4503-977d-a430f9672775,7.0,10,10,0,8.800,2026-07-26 18:00:00.246052+00
e492de6a-57eb-41df-bd4f-da0a07085633,98f2a592-62df-4e51-87c3-2174dbdd883e,7.0,9,10,0,8.450,2026-07-28 09:00:00.245807+00
49cbda2f-530c-4bbc-ad63-97e7f56770a9,c6d5f839-9d64-4d81-9225-2e0c2d6700ef,7.0,9,10,0,8.450,2026-07-28 09:00:00.245807+00
66bee53c-c7d6-439f-8d68-191327589356,fabee082-6ae6-4254-a264-30ca77bc94ab,7.0,10,8,0,8.300,2026-07-28 09:00:00.245807+00
99a501e5-5ce5-478b-bd56-71ef178014e9,3ae65d23-d087-4503-977d-a430f9672775,7.0,10,10,0,8.800,2026-07-28 09:00:00.245807+00
dc0c3f9f-753a-4e0a-b14f-59c82e7fc643,c6d5f839-9d64-4d81-9225-2e0c2d6700ef,7.0,9,10,0,8.450,2026-07-28 19:00:00.211802+00
421f54ea-5bf4-4665-8e5d-746a8c0ca8ff,fabee082-6ae6-4254-a264-30ca77bc94ab,7.0,10,8,0,8.300,2026-07-28 19:00:00.211802+00
ab7875fe-563e-4633-890d-990d54926b6b,3ae65d23-d087-4503-977d-a430f9672775,7.0,10,10,0,8.800,2026-07-28 19:00:00.211802+00
e1d5ab67-7f33-4da8-a693-1d96ed391fea,98f2a592-62df-4e51-87c3-2174dbdd883e,7.0,9,10,0,8.450,2026-07-28 19:00:00.211802+00
ccfe94fc-b378-40bd-af87-6e9fef42d6e1,c6d5f839-9d64-4d81-9225-2e0c2d6700ef,7.0,9,10,0,8.450,2026-07-21 23:00:00.218325+00
5709f920-a776-4f34-aa0a-2487c320bfd4,fabee082-6ae6-4254-a264-30ca77bc94ab,7.0,10,8,0,8.300,2026-07-21 23:00:00.218325+00
a1356a14-4a22-4075-9a18-343827ccc849,3ae65d23-d087-4503-977d-a430f9672775,7.0,10,10,0,8.800,2026-07-21 23:00:00.218325+00
9495fca2-e938-423d-b819-f6a487f65db3,c6d5f839-9d64-4d81-9225-2e0c2d6700ef,7.0,9,10,0,8.450,2026-07-22 09:00:00.225757+00
0fcc6d36-720f-44d5-ae7c-5ed0151b9e28,fabee082-6ae6-4254-a264-30ca77bc94ab,7.0,10,8,0,8.300,2026-07-22 09:00:00.225757+00
a776d2ea-b2bf-4e55-af20-441214a7cc73,3ae65d23-d087-4503-977d-a430f9672775,7.0,10,10,0,8.800,2026-07-22 09:00:00.225757+00
4dc0e4d8-ea88-4154-8e35-c5ac32d20402,98f2a592-62df-4e51-87c3-2174dbdd883e,7.0,9,10,0,8.450,2026-07-23 16:00:00.198604+00
a3a0af5a-a932-4261-a9d9-7ea9d3c6cc5a,c6d5f839-9d64-4d81-9225-2e0c2d6700ef,7.0,9,10,0,8.450,2026-07-23 16:00:00.198604+00
da35dc84-243e-40b4-a983-f84a9dc1d941,fabee082-6ae6-4254-a264-30ca77bc94ab,7.0,10,8,0,8.300,2026-07-23 16:00:00.198604+00
0cf2c6b2-f82d-4610-aa6c-000b8fdd6580,3ae65d23-d087-4503-977d-a430f9672775,7.0,10,10,0,8.800,2026-07-23 16:00:00.198604+00
8e829425-5968-4312-bb1d-1b49a15a854c,c6d5f839-9d64-4d81-9225-2e0c2d6700ef,7.0,9,10,0,8.450,2026-07-24 02:00:00.25897+00
cd32c1ed-347d-498c-8548-ef3081b4183c,fabee082-6ae6-4254-a264-30ca77bc94ab,7.0,10,8,0,8.300,2026-07-24 02:00:00.25897+00
d6edcac0-8060-4377-aa1e-972a699df2d9,3ae65d23-d087-4503-977d-a430f9672775,7.0,10,10,0,8.800,2026-07-24 02:00:00.25897+00
85ba9cad-9d16-4437-8b49-b1806c71faec,98f2a592-62df-4e51-87c3-2174dbdd883e,7.0,9,10,0,8.450,2026-07-24 02:00:00.25897+00
9262e626-024d-43aa-8030-83f67c92517d,3ae65d23-d087-4503-977d-a430f9672775,7.0,10,10,0,8.800,2026-07-24 12:00:00.270227+00
00a4574a-5ae8-49d1-aed2-97e27bbc4839,98f2a592-62df-4e51-87c3-2174dbdd883e,7.0,9,10,0,8.450,2026-07-24 12:00:00.270227+00
4a5cd320-d957-4711-b41b-4cbfd3fba6f7,c6d5f839-9d64-4d81-9225-2e0c2d6700ef,7.0,9,10,0,8.450,2026-07-24 12:00:00.270227+00
2f1bdb91-fc8c-4dd8-ab09-7a9e5dcf91e2,fabee082-6ae6-4254-a264-30ca77bc94ab,7.0,10,8,0,8.300,2026-07-24 12:00:00.270227+00
cfdd539f-3088-4332-8864-d67b9515dfe8,98f2a592-62df-4e51-87c3-2174dbdd883e,7.0,9,10,0,8.450,2026-07-26 18:00:00.246052+00
7e2b0a53-0cb3-4664-882f-71d7d2fd5642,c6d5f839-9d64-4d81-9225-2e0c2d6700ef,7.0,9,10,0,8.450,2026-07-26 18:00:00.246052+00
935860d2-8e84-488d-8136-9704bbdc2694,fabee082-6ae6-4254-a264-30ca77bc94ab,7.0,10,8,0,8.300,2026-07-26 18:00:00.246052+00
d7e9ee98-a5e0-4107-b93b-4fa4ba91f0a0,98f2a592-62df-4e51-87c3-2174dbdd883e,7.0,9,10,0,8.450,2026-07-27 04:00:00.262564+00
87a82537-e895-437e-b2ab-6f1f828ee0e2,c6d5f839-9d64-4d81-9225-2e0c2d6700ef,7.0,9,10,0,8.450,2026-07-27 04:00:00.262564+00
e2feb2c2-3529-4713-8d27-f12b3cc36fa3,fabee082-6ae6-4254-a264-30ca77bc94ab,7.0,10,8,0,8.300,2026-07-27 04:00:00.262564+00
b2d0b469-ca80-423e-9079-7600a078cab7,a6a7353e-cb5f-4726-b047-18f51a94d326,7.0,9,8,0,7.950,2026-07-22 18:44:11.983728+00
8cfa8cdb-63ba-4e3b-b86b-2c5f21d9e760,98f2a592-62df-4e51-87c3-2174dbdd883e,7.0,9,10,0,8.450,2026-07-23 03:00:00.234497+00
c3726854-82d5-4d85-a045-5e690f66c5f1,c6d5f839-9d64-4d81-9225-2e0c2d6700ef,7.0,9,10,0,8.450,2026-07-23 03:00:00.234497+00
595983a2-e55e-4ae4-9767-fff3de29dde9,fabee082-6ae6-4254-a264-30ca77bc94ab,7.0,10,8,0,8.300,2026-07-23 03:00:00.234497+00
77c050d4-7156-416e-b4e1-dd484ce5cd6d,3ae65d23-d087-4503-977d-a430f9672775,7.0,10,10,0,8.800,2026-07-23 03:00:00.234497+00
c0801997-6213-4794-bd79-3be40dee84cb,98f2a592-62df-4e51-87c3-2174dbdd883e,7.0,9,10,0,8.450,2026-07-24 22:00:00.287176+00
3740bf8f-4275-4dea-bca8-b5e2ec5d5f42,c6d5f839-9d64-4d81-9225-2e0c2d6700ef,7.0,9,10,0,8.450,2026-07-24 22:00:00.287176+00
fcd5c1f5-4760-431c-a23d-41f4de61ae11,fabee082-6ae6-4254-a264-30ca77bc94ab,7.0,10,8,0,8.300,2026-07-24 22:00:00.287176+00
85c8d1b8-c9d2-402b-b533-42c8b7b348c4,3ae65d23-d087-4503-977d-a430f9672775,7.0,10,10,0,8.800,2026-07-24 22:00:00.287176+00
287bc39f-b2bb-4443-9be0-7a1ba69f036d,3ae65d23-d087-4503-977d-a430f9672775,7.0,10,10,0,8.800,2026-07-27 04:00:00.262564+00
84c2d66c-3155-498b-9951-4d25f7adefcb,c6d5f839-9d64-4d81-9225-2e0c2d6700ef,7.0,9,10,0,8.450,2026-07-27 14:00:00.222766+00
7effe081-797f-4f5b-8581-6a24ab601f37,fabee082-6ae6-4254-a264-30ca77bc94ab,7.0,10,8,0,8.300,2026-07-27 14:00:00.222766+00
7ee71bff-4e4b-47f2-9bc6-9cf97a29ca13,c6d5f839-9d64-4d81-9225-2e0c2d6700ef,7.0,9,10,0,8.450,2026-07-25 08:00:00.254855+00
745b9aaf-ef1e-4c3f-b9d7-5c680ce41932,fabee082-6ae6-4254-a264-30ca77bc94ab,7.0,10,8,0,8.300,2026-07-25 08:00:00.254855+00
817c0f82-512d-4bd0-83b6-faa25f7552dd,3ae65d23-d087-4503-977d-a430f9672775,7.0,10,10,0,8.800,2026-07-25 08:00:00.254855+00
504170be-8dcb-4c5f-8d4e-16317dbb4cee,98f2a592-62df-4e51-87c3-2174dbdd883e,7.0,9,10,0,8.450,2026-07-25 08:00:00.254855+00
961f48a9-a88a-42da-8a35-8f34d505d4c2,3ae65d23-d087-4503-977d-a430f9672775,7.0,10,10,0,8.800,2026-07-27 14:00:00.222766+00
36c40d51-e520-493c-b690-b113f3a3c92f,98f2a592-62df-4e51-87c3-2174dbdd883e,7.0,9,10,0,8.450,2026-07-27 14:00:00.222766+00
95a4113b-36e3-47e2-aaa6-5a5768094c77,3ae65d23-d087-4503-977d-a430f9672775,7.0,10,10,0,8.800,2026-07-28 00:00:00.239777+00
d4940e42-a433-4fad-a166-8f1e55ab49a2,98f2a592-62df-4e51-87c3-2174dbdd883e,7.0,9,10,0,8.450,2026-07-28 00:00:00.239777+00
a6ef0eb0-2691-4f4c-827b-25f94ebae2b9,c6d5f839-9d64-4d81-9225-2e0c2d6700ef,7.0,9,10,0,8.450,2026-07-28 00:00:00.239777+00
dad51a7c-bab5-4ec8-a600-315a5b162ca2,fabee082-6ae6-4254-a264-30ca77bc94ab,7.0,10,8,0,8.300,2026-07-28 00:00:00.239777+00
c2c19e84-f2c5-47f1-bbc7-0aace6eba7f1,98f2a592-62df-4e51-87c3-2174dbdd883e,7.0,9,10,0,8.450,2026-07-28 10:00:00.25848+00
1ce937f6-f3ac-402b-b23f-e7b879823238,c6d5f839-9d64-4d81-9225-2e0c2d6700ef,7.0,9,10,0,8.450,2026-07-28 10:00:00.25848+00
d9d92347-27b9-452b-a154-0b68bbfe3180,fabee082-6ae6-4254-a264-30ca77bc94ab,7.0,10,8,0,8.300,2026-07-28 10:00:00.25848+00
4f1ee217-735d-4553-8c74-bc4a65f54708,3ae65d23-d087-4503-977d-a430f9672775,7.0,10,10,0,8.800,2026-07-28 10:00:00.25848+00
7c5d3a42-7e81-440a-8f55-eb0f6c72b9c5,c6d5f839-9d64-4d81-9225-2e0c2d6700ef,7.0,9,10,0,8.450,2026-07-28 20:00:00.242912+00
0e8980c7-e2b4-4cc6-b438-78564b509f39,fabee082-6ae6-4254-a264-30ca77bc94ab,7.0,10,8,0,8.300,2026-07-28 20:00:00.242912+00
d7a1bad0-6294-41a1-9d66-f8709c512243,3ae65d23-d087-4503-977d-a430f9672775,7.0,10,10,0,8.800,2026-07-28 20:00:00.242912+00
11a0668d-b739-45a9-98bf-8cb63261225f,98f2a592-62df-4e51-87c3-2174dbdd883e,7.0,9,10,0,8.450,2026-07-28 20:00:00.242912+00
e99bf713-90bc-4d76-8e21-bba0b3982075,c6d5f839-9d64-4d81-9225-2e0c2d6700ef,7.0,9,10,0,8.450,2026-07-22 00:00:00.237213+00
be676a7e-37c2-48c3-88eb-1c81363cbac3,fabee082-6ae6-4254-a264-30ca77bc94ab,7.0,10,8,0,8.300,2026-07-22 00:00:00.237213+00
628bf830-f7c2-402d-912a-a1cc74ca7017,3ae65d23-d087-4503-977d-a430f9672775,7.0,10,10,0,8.800,2026-07-22 00:00:00.237213+00
53e13755-6da6-4a54-946c-80f86a34881b,c6d5f839-9d64-4d81-9225-2e0c2d6700ef,7.0,9,10,0,8.450,2026-07-22 10:00:00.225303+00
6c5eca93-2a04-4632-8d9a-e7c1f0aa1a34,fabee082-6ae6-4254-a264-30ca77bc94ab,7.0,10,8,0,8.300,2026-07-22 10:00:00.225303+00
6fff0c40-4b97-458d-9f3a-120c6c036ce7,3ae65d23-d087-4503-977d-a430f9672775,7.0,10,10,0,8.800,2026-07-22 10:00:00.225303+00
8c00073e-46e1-494f-9d09-7433908bcb2a,3ae65d23-d087-4503-977d-a430f9672775,7.0,10,10,0,8.800,2026-07-23 17:00:00.271261+00
e4f08fad-6d95-479f-bfc7-01dc5dad73fd,98f2a592-62df-4e51-87c3-2174dbdd883e,7.0,9,10,0,8.450,2026-07-23 17:00:00.271261+00
2a38e0f1-0a4f-4c4d-b256-b46fcbaecd94,c6d5f839-9d64-4d81-9225-2e0c2d6700ef,7.0,9,10,0,8.450,2026-07-23 17:00:00.271261+00
9107ab2b-8b94-439e-bf1c-100f5ee2a156,fabee082-6ae6-4254-a264-30ca77bc94ab,7.0,10,8,0,8.300,2026-07-23 17:00:00.271261+00
5e5bb437-b2f5-4133-98d9-0a383fe367c1,98f2a592-62df-4e51-87c3-2174dbdd883e,7.0,9,10,0,8.450,2026-07-24 03:00:00.220411+00
8deadbc1-4ccb-4aed-ba99-28709a50a3fc,c6d5f839-9d64-4d81-9225-2e0c2d6700ef,7.0,9,10,0,8.450,2026-07-24 03:00:00.220411+00
dd8638ba-50b2-4207-ac4d-13f3428bf29c,fabee082-6ae6-4254-a264-30ca77bc94ab,7.0,10,8,0,8.300,2026-07-24 03:00:00.220411+00
fc578b0b-f490-4ab7-99c9-158cdc768f4b,3ae65d23-d087-4503-977d-a430f9672775,7.0,10,10,0,8.800,2026-07-24 03:00:00.220411+00
eec113c6-6fca-408b-a271-26e85a1847ed,c6d5f839-9d64-4d81-9225-2e0c2d6700ef,7.0,9,10,0,8.450,2026-07-24 13:00:00.254535+00
603004e3-a157-4aec-b55d-d96c4daff9c3,3ae65d23-d087-4503-977d-a430f9672775,7.0,10,10,0,8.800,2026-07-25 23:00:00.242601+00
8c72e272-2b1a-4481-8fcd-e0159f4273b5,98f2a592-62df-4e51-87c3-2174dbdd883e,7.0,9,10,0,8.450,2026-07-25 23:00:00.242601+00
10baa2fb-614f-443c-81ee-6bfb28c410ce,c6d5f839-9d64-4d81-9225-2e0c2d6700ef,7.0,9,10,0,8.450,2026-07-25 23:00:00.242601+00
35bbb13a-5067-4b2e-b728-fe67b1f081b1,fabee082-6ae6-4254-a264-30ca77bc94ab,7.0,10,8,0,8.300,2026-07-25 23:00:00.242601+00
9e797f3b-9ffa-4ab6-9779-dabd86d9157c,98f2a592-62df-4e51-87c3-2174dbdd883e,7.0,9,10,0,8.450,2026-07-26 09:00:00.246338+00
9b8b9568-29ef-4a3c-a9ae-9466865eae6e,c6d5f839-9d64-4d81-9225-2e0c2d6700ef,7.0,9,10,0,8.450,2026-07-26 09:00:00.246338+00
d87de9f8-36d8-41b9-929b-24eaf84af1a9,fabee082-6ae6-4254-a264-30ca77bc94ab,7.0,10,8,0,8.300,2026-07-26 09:00:00.246338+00
fa16ae1b-6b83-43c7-828c-8c270aba9c3b,3ae65d23-d087-4503-977d-a430f9672775,7.0,10,10,0,8.800,2026-07-26 09:00:00.246338+00
10e3a338-1caa-485c-8f8e-d12ba03aeb29,c6d5f839-9d64-4d81-9225-2e0c2d6700ef,7.0,9,10,0,8.450,2026-07-26 19:00:00.255102+00
1b99b138-790b-4a19-a74c-f164b4603b84,a6a7353e-cb5f-4726-b047-18f51a94d326,7.0,9,8,0,7.950,2026-07-22 19:00:00.245927+00
b95a2aa2-ac97-44e4-b6fa-20ef9fefcd00,c6d5f839-9d64-4d81-9225-2e0c2d6700ef,7.0,9,10,0,8.450,2026-07-22 19:00:00.245927+00
43ead929-81c7-4c92-95f1-bbb0dcbd34f9,fabee082-6ae6-4254-a264-30ca77bc94ab,7.0,10,8,0,8.300,2026-07-22 19:00:00.245927+00
1f638cda-09d0-4547-8ec1-f7e5bd6cfc47,3ae65d23-d087-4503-977d-a430f9672775,7.0,10,10,0,8.800,2026-07-22 19:00:00.245927+00
55c044b1-f2ce-45fe-8d04-73e74ba937ff,98f2a592-62df-4e51-87c3-2174dbdd883e,7.0,9,10,0,8.450,2026-07-23 04:00:00.249313+00
bab05c58-08b1-4357-abfe-ca68327ac583,c6d5f839-9d64-4d81-9225-2e0c2d6700ef,7.0,9,10,0,8.450,2026-07-23 04:00:00.249313+00
f4da19d3-024c-403d-929a-c456ffc34378,fabee082-6ae6-4254-a264-30ca77bc94ab,7.0,10,8,0,8.300,2026-07-24 13:00:00.254535+00
4a811feb-70a2-4349-a424-90bd8c332bab,3ae65d23-d087-4503-977d-a430f9672775,7.0,10,10,0,8.800,2026-07-24 13:00:00.254535+00
2f674b07-d2c8-49e7-aa59-bdd6cec320f3,98f2a592-62df-4e51-87c3-2174dbdd883e,7.0,9,10,0,8.450,2026-07-24 13:00:00.254535+00
f844737b-430a-40f7-b447-5e5f8c40a7e6,3ae65d23-d087-4503-977d-a430f9672775,7.0,10,10,0,8.800,2026-07-24 23:00:00.235137+00
d41266d9-e933-4ae6-8b0f-944156263e48,98f2a592-62df-4e51-87c3-2174dbdd883e,7.0,9,10,0,8.450,2026-07-24 23:00:00.235137+00
aa6860fb-9a74-409b-b17b-541dbbd2473c,c6d5f839-9d64-4d81-9225-2e0c2d6700ef,7.0,9,10,0,8.450,2026-07-24 23:00:00.235137+00
df2e5b1b-c0c1-42c6-ac43-b8689cd8a669,fabee082-6ae6-4254-a264-30ca77bc94ab,7.0,10,8,0,8.300,2026-07-26 19:00:00.255102+00
e9cd4cec-8738-4cf4-8651-fdeed9d279bd,3ae65d23-d087-4503-977d-a430f9672775,7.0,10,10,0,8.800,2026-07-26 19:00:00.255102+00
7bd7f006-aa42-4354-ad7c-a751ce8d7ef9,98f2a592-62df-4e51-87c3-2174dbdd883e,7.0,9,10,0,8.450,2026-07-26 19:00:00.255102+00
0296f2b0-d1ba-4ff9-bd89-89c05318d082,3ae65d23-d087-4503-977d-a430f9672775,7.0,10,10,0,8.800,2026-07-27 05:00:00.237012+00
5be5dd5c-6f13-4b98-b22f-290bf9f5bea8,98f2a592-62df-4e51-87c3-2174dbdd883e,7.0,9,10,0,8.450,2026-07-27 05:00:00.237012+00
fb652595-70cd-42cb-b697-cd2dd55bd840,c6d5f839-9d64-4d81-9225-2e0c2d6700ef,7.0,9,10,0,8.450,2026-07-27 05:00:00.237012+00
7a690206-201b-4784-9282-bd85f1f43001,fabee082-6ae6-4254-a264-30ca77bc94ab,7.0,10,8,0,8.300,2026-07-23 04:00:00.249313+00
2ee4aaa8-80ac-45cf-9b50-3aa00ebbb1b0,3ae65d23-d087-4503-977d-a430f9672775,7.0,10,10,0,8.800,2026-07-23 04:00:00.249313+00
9e9ce1cd-c331-4fd6-ad44-5b62cd66fd43,fabee082-6ae6-4254-a264-30ca77bc94ab,7.0,10,8,0,8.300,2026-07-24 23:00:00.235137+00
d70b6cbd-ba6c-41e8-91c6-d492ec103d9e,98f2a592-62df-4e51-87c3-2174dbdd883e,7.0,9,10,0,8.450,2026-07-25 09:00:00.245975+00
d15d6629-6529-4436-9bb8-19ed4af6d650,c6d5f839-9d64-4d81-9225-2e0c2d6700ef,7.0,9,10,0,8.450,2026-07-25 09:00:00.245975+00
67f0ce1d-680b-48de-82ce-5ae0394acbc9,fabee082-6ae6-4254-a264-30ca77bc94ab,7.0,10,8,0,8.300,2026-07-25 09:00:00.245975+00
662772f8-a75b-40a8-8de1-9e008ff0cd84,3ae65d23-d087-4503-977d-a430f9672775,7.0,10,10,0,8.800,2026-07-25 09:00:00.245975+00
41e00762-6a9b-4444-8d54-1b31e0a12158,fabee082-6ae6-4254-a264-30ca77bc94ab,7.0,10,8,0,8.300,2026-07-27 05:00:00.237012+00
179d7564-ae2f-420d-aa86-456b74e74f56,98f2a592-62df-4e51-87c3-2174dbdd883e,7.0,9,10,0,8.450,2026-07-27 15:00:00.25272+00
4e5e3fa3-b859-4e69-a147-2e8e6a402672,c6d5f839-9d64-4d81-9225-2e0c2d6700ef,7.0,9,10,0,8.450,2026-07-27 15:00:00.25272+00
a8c489e8-a7e2-4b0a-a62f-2d73c42638d1,fabee082-6ae6-4254-a264-30ca77bc94ab,7.0,10,8,0,8.300,2026-07-27 15:00:00.25272+00
5c37c248-9506-43a8-953b-07d67dcc76c9,3ae65d23-d087-4503-977d-a430f9672775,7.0,10,10,0,8.800,2026-07-27 15:00:00.25272+00
