id,user_id,amount,type,description,offer_id,created_at,coupon_id,invoice_id,status
e24ab6bb-12ff-4264-9870-acbcde54c814,c5b70e56-0957-4692-9222-847d1d109820,5000,DEPOSIT,Ajuste manual via MCP: Saldo para teste interno do fluxo de resgate pay-per-resgate,,2026-07-22 18:45:09.846959+00,,,RELEASED
b20cb2cb-e0dc-422f-b251-df7627af12b1,c5b70e56-0957-4692-9222-847d1d109820,100,DEPOSIT,Bônus de onboarding: first_lead,,2026-07-22 18:59:39.875145+00,,,RELEASED
38eb091e-4282-4d4f-b968-8e9489cc851a,813349ad-c7b9-4798-a38d-0749feddb9b2,-800,REDEMPTION_COST,Resgate cupom NK298FAC,98f2a592-62df-4e51-87c3-2174dbdd883e,2026-07-22 19:21:14.050378+00,,,RELEASED
3635265a-87e3-4669-ae9c-c994310859e3,813349ad-c7b9-4798-a38d-0749feddb9b2,100,DEPOSIT,Bônus de onboarding: tour_completed,,2025-12-13 19:21:37.911525+00,,,RELEASED
235316ce-d5dc-4cac-897f-cf33f5361ac7,813349ad-c7b9-4798-a38d-0749feddb9b2,100,DEPOSIT,Bônus de onboarding: first_offer,,2025-12-13 19:25:16.208631+00,,,RELEASED
b4aefcb9-babc-4bc9-b8e1-3b068173cffb,813349ad-c7b9-4798-a38d-0749feddb9b2,-227,LEAD_COST,Lead: Rodrigo - Teste 1 ,c6d5f839-9d64-4d81-9225-2e0c2d6700ef,2025-12-13 19:29:50.144095+00,,,RELEASED
f4571050-7824-4ed1-a532-669b4e0e8d92,b683ecab-1d2c-4a00-b1fc-c4ae5f7a7d0a,68,LEAD_EARNING,Comissão lead: Teste 1 ,c6d5f839-9d64-4d81-9225-2e0c2d6700ef,2025-12-13 19:29:50.903998+00,,,RELEASED
a55f589c-12e1-482c-8575-e7cc8c6f886a,b683ecab-1d2c-4a00-b1fc-c4ae5f7a7d0a,100,DEPOSIT,Bônus de onboarding: tour_completed,,2025-12-13 19:30:33.748065+00,,,RELEASED
b3f19444-5626-4e94-b901-fb33d2cb4124,813349ad-c7b9-4798-a38d-0749feddb9b2,100,DEPOSIT,Bônus de onboarding: instagram_connected,,2025-12-13 19:49:06.97443+00,,,RELEASED
c5205125-8af1-4fd9-98ab-803f1170ee61,813349ad-c7b9-4798-a38d-0749feddb9b2,100,DEPOSIT,Bônus de onboarding: logo_added,,2025-12-13 22:55:18.723957+00,,,RELEASED
ae5a132a-13d6-4802-8a93-87836c02cb74,813349ad-c7b9-4798-a38d-0749feddb9b2,-198,LEAD_COST,Lead: Maria - COMPRA 2 PIZZA E PAQUE 1,3ae65d23-d087-4503-977d-a430f9672775,2025-12-13 23:01:12.929681+00,,,RELEASED
307ab129-f083-4ce2-8f04-5f6ada8ae2b0,813349ad-c7b9-4798-a38d-0749feddb9b2,1000,ADMIN_ADJUSTMENT,"Ajuste manual: +R$ 10,00 — teste que estou fazendo",,2025-12-13 23:10:14.328939+00,,,RELEASED
94197cbd-8fb6-4d7f-9a83-b0f2cd8a6f56,813349ad-c7b9-4798-a38d-0749feddb9b2,10000,ADMIN_ADJUSTMENT,"Ajuste manual: +R$ 100,00",,2025-12-13 23:11:55.480866+00,,,RELEASED
edb8462f-d448-44f9-88a6-2d3c9e9d86cf,813349ad-c7b9-4798-a38d-0749feddb9b2,1000,ADMIN_ADJUSTMENT,"Ajuste manual: +R$ 10,00",,2025-12-13 23:19:42.938127+00,,,RELEASED
55cc7f27-8462-487e-a175-3fa1d53a5153,813349ad-c7b9-4798-a38d-0749feddb9b2,100,ADMIN_ADJUSTMENT,"Ajuste manual: +R$ 1,00",,2025-12-13 23:20:04.906669+00,,,RELEASED
7abc6913-6dae-4892-b0cc-2f58a97caec4,813349ad-c7b9-4798-a38d-0749feddb9b2,10000,ADMIN_ADJUSTMENT,"Ajuste manual: +R$ 100,00",,2025-12-13 23:20:34.10733+00,,,RELEASED
2070d20b-44e9-46d0-be68-74924d49b0d3,813349ad-c7b9-4798-a38d-0749feddb9b2,100000,ADMIN_ADJUSTMENT,"Ajuste manual: +R$ 1.000,00",,2025-12-13 23:20:41.003798+00,,,RELEASED
bf58c875-59f9-4b88-8e95-f239087f496f,813349ad-c7b9-4798-a38d-0749feddb9b2,10000,ADMIN_ADJUSTMENT,"Ajuste manual: +R$ 100,00",,2025-12-13 23:21:12.257402+00,,,RELEASED
f08a5cc1-dfcc-4564-8e22-0999293434ac,813349ad-c7b9-4798-a38d-0749feddb9b2,10000,ADMIN_ADJUSTMENT,"Ajuste manual: +R$ 100,00",,2025-12-13 23:23:01.219999+00,,,RELEASED
60f0a877-6d6b-4c8b-b3b1-59029db25d09,813349ad-c7b9-4798-a38d-0749feddb9b2,10000,ADMIN_ADJUSTMENT,"Ajuste manual: +R$ 100,00",,2025-12-13 23:23:30.408988+00,,,RELEASED
a555b2e8-2ef7-4807-811f-afa210f27384,813349ad-c7b9-4798-a38d-0749feddb9b2,10000,ADMIN_ADJUSTMENT,"Ajuste manual: +R$ 100,00",,2025-12-13 23:23:39.930095+00,,,RELEASED
d0b9817b-2b82-436a-8403-94110f0c4d8e,813349ad-c7b9-4798-a38d-0749feddb9b2,100,DEPOSIT,Bônus de onboarding: first_lead (retroativo),,2025-12-14 18:21:06.235275+00,,,RELEASED
227e85ad-5bb2-4853-88df-1dc9e0f6f67c,cab0aba3-ff69-4d75-af28-ee4805607637,100,DEPOSIT,Bônus de onboarding: first_offer,,2026-03-04 20:29:50.310839+00,,,RELEASED
abf96ae1-637c-41a1-9eb6-2dfdd06476f3,cab0aba3-ff69-4d75-af28-ee4805607637,100,DEPOSIT,Bônus de onboarding: logo_added,,2026-03-04 20:30:50.468249+00,,,RELEASED
624f9f3f-b376-4e56-8102-ee8c793dda52,cab0aba3-ff69-4d75-af28-ee4805607637,-215,LEAD_COST,Lead: rodrigo - COMPRA 1 E GANHA 2,fabee082-6ae6-4254-a264-30ca77bc94ab,2026-03-04 20:36:20.714774+00,,,RELEASED
ce5e7d4c-32d9-4561-830f-83be814c0177,ad5f899c-8435-4107-b88a-4f096479b41b,65,LEAD_EARNING,Comissão lead: COMPRA 1 E GANHA 2,fabee082-6ae6-4254-a264-30ca77bc94ab,2026-03-04 20:36:21.558414+00,,,RELEASED
10963cf5-27de-46e2-860d-c3d22b619e98,cab0aba3-ff69-4d75-af28-ee4805607637,100,DEPOSIT,Bônus de onboarding: first_lead,,2026-03-04 20:36:22.830632+00,,,RELEASED
